astnum,obj,wlen,refl,dref,set
1,Ceres,0.435,0.9004,0.0149,1
1,Ceres,0.4375,0.9186,0.0128,1
1,Ceres,0.44,0.9308,0.0117,1
1,Ceres,0.4425,0.9394,0.0104,1
1,Ceres,0.445,0.9355,0.0093,1
1,Ceres,0.4475,0.935,0.0084,1
1,Ceres,0.45,0.9231,0.0074,1
1,Ceres,0.4525,0.9397,0.0069,1
1,Ceres,0.455,0.9569,0.0065,1
1,Ceres,0.4575,0.9479,0.006,1
1,Ceres,0.46,0.9497,0.0056,1
1,Ceres,0.4625,0.9534,0.0052,1
1,Ceres,0.465,0.9556,0.0049,1
1,Ceres,0.4675,0.9605,0.0046,1
1,Ceres,0.47,0.9659,0.0044,1
1,Ceres,0.4725,0.9591,0.0042,1
1,Ceres,0.475,0.957,0.0039,1
1,Ceres,0.4775,0.9653,0.0037,1
1,Ceres,0.48,0.9648,0.0035,1
1,Ceres,0.4825,0.9591,0.0033,1
1,Ceres,0.485,0.9629,0.0032,1
1,Ceres,0.4875,0.9758,0.0031,1
1,Ceres,0.49,0.9859,0.0031,1
1,Ceres,0.4925,0.9652,0.0029,1
1,Ceres,0.495,0.9753,0.0028,1
1,Ceres,0.4975,0.9759,0.0027,1
1,Ceres,0.5,0.9752,0.0026,1
1,Ceres,0.5025,0.985,0.0025,1
1,Ceres,0.505,0.991,0.0025,1
1,Ceres,0.5075,0.9838,0.0024,1
1,Ceres,0.51,0.9794,0.0023,1
1,Ceres,0.5125,0.9875,0.0022,1
1,Ceres,0.515,0.9868,0.0022,1
1,Ceres,0.5175,0.9919,0.0021,1
1,Ceres,0.52,0.9973,0.0021,1
1,Ceres,0.5225,1.0059,0.0021,1
1,Ceres,0.525,0.9872,0.002,1
1,Ceres,0.5275,0.9965,0.002,1
1,Ceres,0.53,0.9983,0.0019,1
1,Ceres,0.5325,1.0047,0.0019,1
1,Ceres,0.535,0.9888,0.0018,1
1,Ceres,0.5375,0.9978,0.0017,1
1,Ceres,0.54,0.9939,0.0017,1
1,Ceres,0.5425,0.9957,0.0016,1
1,Ceres,0.545,1.006,0.0016,1
1,Ceres,0.5475,0.9981,0.0016,1
1,Ceres,0.55,0.9975,0.0016,1
1,Ceres,0.5525,1.0025,0.0015,1
1,Ceres,0.555,1.0024,0.0015,1
1,Ceres,0.5575,1.0047,0.0015,1
1,Ceres,0.56,1.0015,0.0015,1
1,Ceres,0.5625,1.0086,0.0014,1
1,Ceres,0.565,1.0104,0.0014,1
1,Ceres,0.5675,1.0038,0.0014,1
1,Ceres,0.57,1.0074,0.0014,1
1,Ceres,0.5725,1.0077,0.0014,1
1,Ceres,0.575,1.0095,0.0013,1
1,Ceres,0.5775,1.0039,0.0013,1
1,Ceres,0.58,1.0001,0.0013,1
1,Ceres,0.5825,1.0043,0.0013,1
1,Ceres,0.585,1.0045,0.0013,1
1,Ceres,0.5875,0.999,0.0012,1
1,Ceres,0.59,1.0039,0.0012,1
1,Ceres,0.5925,1.0089,0.0012,1
1,Ceres,0.595,1.0146,0.0012,1
1,Ceres,0.5975,0.9989,0.0012,1
1,Ceres,0.6,1.0017,0.0012,1
1,Ceres,0.6025,1.0057,0.0012,1
1,Ceres,0.605,1.0079,0.0012,1
1,Ceres,0.6075,1.0063,0.0012,1
1,Ceres,0.61,1.0064,0.0011,1
1,Ceres,0.6125,1.0075,0.0011,1
1,Ceres,0.615,1.0101,0.0011,1
1,Ceres,0.6175,1.0134,0.0011,1
1,Ceres,0.62,1.0157,0.0011,1
1,Ceres,0.6225,1.0126,0.0011,1
1,Ceres,0.625,1.0056,0.0011,1
1,Ceres,0.6275,1.0143,0.0011,1
1,Ceres,0.63,1.0134,0.0011,1
1,Ceres,0.6325,1.012,0.0011,1
1,Ceres,0.635,1.0106,0.0011,1
1,Ceres,0.6375,1.0129,0.0011,1
1,Ceres,0.64,1.0123,0.0011,1
1,Ceres,0.6425,1.0113,0.0011,1
1,Ceres,0.645,1.0142,0.0011,1
1,Ceres,0.6475,1.0139,0.001,1
1,Ceres,0.65,1.0122,0.001,1
1,Ceres,0.6525,1.0139,0.001,1
1,Ceres,0.655,1.0129,0.001,1
1,Ceres,0.6575,1.0148,0.001,1
1,Ceres,0.66,1.0227,0.0011,1
1,Ceres,0.6625,1.0092,0.001,1
1,Ceres,0.665,1.0091,0.001,1
1,Ceres,0.6675,1.0115,0.001,1
1,Ceres,0.67,1.0117,0.001,1
1,Ceres,0.6725,1.0154,0.001,1
1,Ceres,0.675,1.0157,0.001,1
1,Ceres,0.6775,1.0153,0.001,1
1,Ceres,0.68,1.0152,0.001,1
1,Ceres,0.6825,1.0147,0.001,1
1,Ceres,0.685,1.0158,0.001,1
1,Ceres,0.6875,1.0217,0.001,1
1,Ceres,0.69,1.0266,0.0011,1
1,Ceres,0.6925,1.0131,0.001,1
1,Ceres,0.695,1.0106,0.001,1
1,Ceres,0.6975,1.0088,0.001,1
1,Ceres,0.7,1.0162,0.001,1
1,Ceres,0.7025,1.0186,0.001,1
1,Ceres,0.705,1.0189,0.001,1
1,Ceres,0.7075,1.0177,0.001,1
1,Ceres,0.71,1.0188,0.001,1
1,Ceres,0.7125,1.0166,0.001,1
1,Ceres,0.715,1.0179,0.001,1
1,Ceres,0.7175,1.0215,0.001,1
1,Ceres,0.72,1.0288,0.001,1
1,Ceres,0.7225,1.0274,0.0011,1
1,Ceres,0.725,1.0248,0.0011,1
1,Ceres,0.7275,1.0172,0.001,1
1,Ceres,0.73,1.0251,0.0011,1
1,Ceres,0.7325,1.0218,0.0011,1
1,Ceres,0.735,1.0198,0.0011,1
1,Ceres,0.7375,1.0192,0.0011,1
1,Ceres,0.74,1.0196,0.0011,1
1,Ceres,0.7425,1.0203,0.0011,1
1,Ceres,0.745,1.0198,0.0011,1
1,Ceres,0.7475,1.0183,0.0011,1
1,Ceres,0.75,1.0161,0.0011,1
1,Ceres,0.7525,1.018,0.0011,1
1,Ceres,0.755,1.0229,0.0011,1
1,Ceres,0.77,1.0143,0.0022,1
1,Ceres,0.7725,1.0132,0.0013,1
1,Ceres,0.775,1.0134,0.0011,1
1,Ceres,0.7775,1.0168,0.0011,1
1,Ceres,0.78,1.0181,0.0012,1
1,Ceres,0.7825,1.0185,0.0012,1
1,Ceres,0.785,1.0194,0.0012,1
1,Ceres,0.7875,1.017,0.0012,1
1,Ceres,0.79,1.0173,0.0012,1
1,Ceres,0.7925,1.0232,0.0012,1
1,Ceres,0.795,1.0186,0.0012,1
1,Ceres,0.7975,1.0158,0.0012,1
1,Ceres,0.8,1.0183,0.0012,1
1,Ceres,0.8025,1.0176,0.0012,1
1,Ceres,0.805,1.0193,0.0013,1
1,Ceres,0.8075,1.0173,0.0013,1
1,Ceres,0.81,1.0193,0.0013,1
1,Ceres,0.8125,1.0223,0.0013,1
1,Ceres,0.815,1.0229,0.0013,1
1,Ceres,0.8175,1.0239,0.0013,1
1,Ceres,0.82,1.0278,0.0014,1
1,Ceres,0.8225,1.0175,0.0014,1
1,Ceres,0.825,1.0149,0.0014,1
1,Ceres,0.8275,1.0184,0.0014,1
1,Ceres,0.83,1.0147,0.0014,1
1,Ceres,0.8325,1.0184,0.0014,1
1,Ceres,0.835,1.0213,0.0014,1
1,Ceres,0.8375,1.012,0.0014,1
1,Ceres,0.84,1.0067,0.0014,1
1,Ceres,0.8425,1.0142,0.0015,1
1,Ceres,0.845,1.0167,0.0015,1
1,Ceres,0.8475,1.0119,0.0015,1
1,Ceres,0.85,1.0162,0.0015,1
1,Ceres,0.8525,1.0243,0.0016,1
1,Ceres,0.855,1.0127,0.0016,1
1,Ceres,0.8575,1.0124,0.0016,1
1,Ceres,0.86,1.0103,0.0016,1
1,Ceres,0.8625,1.0174,0.0016,1
1,Ceres,0.865,1.0181,0.0017,1
1,Ceres,0.8675,1.0198,0.0017,1
1,Ceres,0.87,1.0166,0.0017,1
1,Ceres,0.8725,1.0123,0.0017,1
1,Ceres,0.875,1.0177,0.0017,1
1,Ceres,0.8775,1.0175,0.0018,1
1,Ceres,0.88,1.0119,0.0018,1
1,Ceres,0.8825,1.0165,0.0018,1
1,Ceres,0.885,1.014,0.0019,1
1,Ceres,0.8875,1.0092,0.0019,1
1,Ceres,0.89,1.0129,0.0019,1
1,Ceres,0.8925,1.0148,0.002,1
1,Ceres,0.895,1.0211,0.002,1
1,Ceres,0.8975,1.0244,0.0021,1
1,Ceres,0.9,1.0208,0.0021,1
1,Ceres,0.9025,1.0103,0.0021,1
1,Ceres,0.905,1.0149,0.0022,1
1,Ceres,0.9075,1.0207,0.0022,1
1,Ceres,0.91,1.0197,0.0023,1
1,Ceres,0.9125,1.0182,0.0023,1
1,Ceres,0.915,1.0212,0.0024,1
1,Ceres,0.9175,1.0178,0.0024,1
1,Ceres,0.92,1.0225,0.0025,1
1,Ceres,0.9225,1.0236,0.0026,1
1,Ceres,0.925,1.0201,0.0026,1
1,Ceres,1.345,0.9316,0.0039,1
1,Ceres,1.355,0.9754,0.0062,1
1,Ceres,1.36,0.9485,0.0028,1
1,Ceres,1.83,0.9866,0.0095,1
1,Ceres,1.865,0.9936,0.006,1
1,Ceres,1.35,0.9642,0.0046,2
1,Ceres,1.365,0.9812,0.0032,2
1,Ceres,1.37,0.9516,0.0023,2
1,Ceres,1.375,0.9758,0.0024,2
1,Ceres,1.38,0.9812,0.0026,2
1,Ceres,1.39,0.9716,0.0021,2
1,Ceres,1.84,0.9874,0.0059,2
1,Ceres,1.845,0.987,0.004,2
1,Ceres,1.86,1.0063,0.0049,2
1,Ceres,1.87,0.9875,0.0034,2
1,Ceres,1.895,0.9844,0.0056,2
1,Ceres,2.045,0.9846,0.0025,2
1,Ceres,2.48,1.0056,0.0025,2
1,Ceres,2.49,1.0118,0.0028,2
1,Ceres,1.4,0.9517,0.0023,3
1,Ceres,1.82,1.0069,0.0029,3
1,Ceres,2.005,1.017,0.0027,3
1,Ceres,1.11,0.946,0.0016,4
1,Ceres,1.395,0.9518,0.0021,4
1,Ceres,1.855,0.9941,0.0038,4
1,Ceres,1.88,0.9853,0.0037,4
1,Ceres,1.99,0.9942,0.0026,4
1,Ceres,1.995,1.0,0.004,4
1,Ceres,2.465,1.0153,0.0031,4
1,Ceres,2.485,1.0169,0.0036,4
1,Ceres,1.115,0.9494,0.0019,5
1,Ceres,1.12,0.9468,0.002,5
1,Ceres,1.34,0.9582,0.0019,5
1,Ceres,1.385,0.9715,0.003,5
1,Ceres,1.835,0.9887,0.004,5
1,Ceres,1.885,0.9885,0.0033,5
1,Ceres,1.9,0.9993,0.0036,5
1,Ceres,1.905,0.9943,0.0038,5
1,Ceres,1.915,0.9957,0.0031,5
1,Ceres,2.42,1.0107,0.003,5
1,Ceres,2.45,1.011,0.0032,5
1,Ceres,0.955,0.9869,0.0016,6
1,Ceres,1.405,0.9664,0.002,6
1,Ceres,1.44,0.9695,0.0015,6
1,Ceres,1.47,0.9659,0.0012,6
1,Ceres,1.81,0.9922,0.0026,6
1,Ceres,1.89,0.9921,0.0047,6
1,Ceres,1.91,0.995,0.0035,6
1,Ceres,2.0,1.0,0.0031,6
1,Ceres,2.02,0.9983,0.0027,6
1,Ceres,2.405,1.003,0.0028,6
1,Ceres,2.455,1.0069,0.0031,6
1,Ceres,2.46,1.0035,0.0029,6
1,Ceres,2.47,1.0051,0.0034,6
1,Ceres,0.84,1.0035,0.0017,7
1,Ceres,0.85,1.0181,0.0017,7
1,Ceres,0.885,1.0053,0.0016,7
1,Ceres,0.89,1.0007,0.0015,7
1,Ceres,0.895,0.9988,0.0015,7
1,Ceres,0.925,0.9926,0.0017,7
1,Ceres,0.935,0.9864,0.0016,7
1,Ceres,0.96,0.9981,0.0014,7
1,Ceres,0.965,0.9945,0.0014,7
1,Ceres,0.97,0.9925,0.0013,7
1,Ceres,0.975,0.9785,0.0012,7
1,Ceres,1.07,0.9582,0.0011,7
1,Ceres,1.125,0.9567,0.0017,7
1,Ceres,1.335,0.9575,0.0015,7
1,Ceres,1.415,0.9653,0.0018,7
1,Ceres,1.45,0.9635,0.0012,7
1,Ceres,1.455,0.9655,0.0013,7
1,Ceres,1.485,0.9617,0.0014,7
1,Ceres,1.795,1.0001,0.0023,7
1,Ceres,1.815,0.9937,0.0027,7
1,Ceres,1.85,0.9872,0.004,7
1,Ceres,1.92,0.9954,0.003,7
1,Ceres,1.935,0.9961,0.0025,7
1,Ceres,1.945,0.9966,0.0024,7
1,Ceres,1.95,0.9974,0.0026,7
1,Ceres,2.01,0.9964,0.0027,7
1,Ceres,2.015,0.9989,0.0028,7
1,Ceres,2.04,0.9986,0.0022,7
1,Ceres,2.05,0.9979,0.0027,7
1,Ceres,2.11,0.9998,0.0021,7
1,Ceres,2.315,0.9977,0.0028,7
1,Ceres,2.32,1.0012,0.0028,7
1,Ceres,2.37,1.0052,0.0027,7
1,Ceres,2.385,1.0083,0.003,7
1,Ceres,2.4,1.006,0.0031,7
1,Ceres,2.41,1.0069,0.0028,7
1,Ceres,2.435,1.0043,0.0032,7
1,Ceres,2.44,1.0055,0.0033,7
1,Ceres,2.475,1.0077,0.0036,7
1,Ceres,0.825,1.0243,0.0017,8
1,Ceres,0.83,1.0199,0.0017,8
1,Ceres,0.835,1.0213,0.0017,8
1,Ceres,0.845,1.0168,0.0017,8
1,Ceres,0.855,1.0121,0.0017,8
1,Ceres,0.86,1.0132,0.0017,8
1,Ceres,0.865,1.0066,0.0017,8
1,Ceres,0.87,1.0062,0.0017,8
1,Ceres,0.875,1.007,0.0017,8
1,Ceres,0.88,1.0066,0.0016,8
1,Ceres,0.9,0.9987,0.0015,8
1,Ceres,0.905,0.9974,0.0015,8
1,Ceres,0.91,0.9969,0.0015,8
1,Ceres,0.915,0.9939,0.0015,8
1,Ceres,0.93,0.9935,0.0016,8
1,Ceres,0.94,0.9887,0.0015,8
1,Ceres,0.945,0.9845,0.0015,8
1,Ceres,0.95,0.9829,0.0015,8
1,Ceres,0.98,0.9772,0.0013,8
1,Ceres,0.985,0.9745,0.0013,8
1,Ceres,0.99,0.976,0.0013,8
1,Ceres,0.995,0.974,0.0012,8
1,Ceres,1.0,0.9735,0.0012,8
1,Ceres,1.005,0.9718,0.0012,8
1,Ceres,1.01,0.9695,0.0012,8
1,Ceres,1.015,0.9694,0.0012,8
1,Ceres,1.02,0.9662,0.0012,8
1,Ceres,1.025,0.965,0.0012,8
1,Ceres,1.03,0.9654,0.0012,8
1,Ceres,1.035,0.9655,0.0012,8
1,Ceres,1.04,0.9631,0.0012,8
1,Ceres,1.045,0.9669,0.0012,8
1,Ceres,1.05,0.9649,0.0012,8
1,Ceres,1.055,0.964,0.0011,8
1,Ceres,1.06,0.9631,0.0011,8
1,Ceres,1.065,0.9632,0.0011,8
1,Ceres,1.075,0.9608,0.0011,8
1,Ceres,1.08,0.9613,0.0011,8
1,Ceres,1.085,0.9629,0.0011,8
1,Ceres,1.09,0.9618,0.0011,8
1,Ceres,1.095,0.9593,0.0011,8
1,Ceres,1.1,0.9613,0.0012,8
1,Ceres,1.105,0.9624,0.0014,8
1,Ceres,1.13,0.955,0.0015,8
1,Ceres,1.135,0.958,0.0014,8
1,Ceres,1.14,0.9569,0.0013,8
1,Ceres,1.145,0.9537,0.0013,8
1,Ceres,1.15,0.9535,0.0013,8
1,Ceres,1.155,0.9557,0.0012,8
1,Ceres,1.16,0.9531,0.0012,8
1,Ceres,1.165,0.9517,0.0011,8
1,Ceres,1.17,0.9508,0.001,8
1,Ceres,1.175,0.95,0.001,8
1,Ceres,1.18,0.9475,0.001,8
1,Ceres,1.185,0.9491,0.001,8
1,Ceres,1.19,0.9511,0.001,8
1,Ceres,1.195,0.9486,0.001,8
1,Ceres,1.2,0.9514,0.001,8
1,Ceres,1.205,0.9484,0.001,8
1,Ceres,1.21,0.9506,0.001,8
1,Ceres,1.215,0.9499,0.001,8
1,Ceres,1.22,0.9498,0.001,8
1,Ceres,1.225,0.9495,0.001,8
1,Ceres,1.23,0.9492,0.001,8
1,Ceres,1.235,0.9527,0.001,8
1,Ceres,1.24,0.951,0.001,8
1,Ceres,1.245,0.9509,0.001,8
1,Ceres,1.25,0.9517,0.0011,8
1,Ceres,1.255,0.953,0.0011,8
1,Ceres,1.26,0.9499,0.0011,8
1,Ceres,1.265,0.9497,0.0011,8
1,Ceres,1.27,0.954,0.0011,8
1,Ceres,1.275,0.9501,0.0011,8
1,Ceres,1.28,0.9474,0.0011,8
1,Ceres,1.285,0.9522,0.0011,8
1,Ceres,1.29,0.9563,0.0012,8
1,Ceres,1.295,0.9519,0.0011,8
1,Ceres,1.3,0.9529,0.0012,8
1,Ceres,1.305,0.9497,0.0011,8
1,Ceres,1.31,0.9494,0.0011,8
1,Ceres,1.315,0.9536,0.0011,8
1,Ceres,1.32,0.9558,0.0012,8
1,Ceres,1.325,0.9559,0.0012,8
1,Ceres,1.33,0.9537,0.0012,8
1,Ceres,1.41,0.9581,0.0018,8
1,Ceres,1.42,0.9593,0.0016,8
1,Ceres,1.425,0.9611,0.0015,8
1,Ceres,1.43,0.961,0.0014,8
1,Ceres,1.435,0.9651,0.0014,8
1,Ceres,1.445,0.9648,0.0014,8
1,Ceres,1.46,0.9632,0.0013,8
1,Ceres,1.465,0.9642,0.0013,8
1,Ceres,1.475,0.9673,0.0013,8
1,Ceres,1.48,0.9674,0.0014,8
1,Ceres,1.49,0.9676,0.0012,8
1,Ceres,1.495,0.9658,0.0012,8
1,Ceres,1.5,0.9658,0.0012,8
1,Ceres,1.505,0.9676,0.0012,8
1,Ceres,1.51,0.9647,0.0012,8
1,Ceres,1.515,0.9673,0.0012,8
1,Ceres,1.52,0.9686,0.0012,8
1,Ceres,1.525,0.9692,0.0012,8
1,Ceres,1.53,0.9682,0.0012,8
1,Ceres,1.535,0.9678,0.0012,8
1,Ceres,1.54,0.9699,0.0012,8
1,Ceres,1.545,0.9691,0.0012,8
1,Ceres,1.55,0.9716,0.0012,8
1,Ceres,1.555,0.9725,0.0012,8
1,Ceres,1.56,0.9724,0.0012,8
1,Ceres,1.565,0.9706,0.0012,8
1,Ceres,1.57,0.9736,0.0013,8
1,Ceres,1.575,0.9737,0.0013,8
1,Ceres,1.58,0.9738,0.0013,8
1,Ceres,1.585,0.9762,0.0012,8
1,Ceres,1.59,0.9761,0.0013,8
1,Ceres,1.595,0.9763,0.0013,8
1,Ceres,1.6,0.9743,0.0012,8
1,Ceres,1.605,0.9797,0.0013,8
1,Ceres,1.61,0.9776,0.0014,8
1,Ceres,1.615,0.9767,0.0013,8
1,Ceres,1.62,0.9797,0.0014,8
1,Ceres,1.625,0.9768,0.0013,8
1,Ceres,1.63,0.9765,0.0014,8
1,Ceres,1.635,0.9782,0.0014,8
1,Ceres,1.64,0.9765,0.0013,8
1,Ceres,1.645,0.9788,0.0013,8
1,Ceres,1.65,0.9781,0.0013,8
1,Ceres,1.655,0.9787,0.0013,8
1,Ceres,1.66,0.9781,0.0013,8
1,Ceres,1.665,0.9767,0.0014,8
1,Ceres,1.67,0.9771,0.0014,8
1,Ceres,1.675,0.9788,0.0013,8
1,Ceres,1.68,0.9792,0.0014,8
1,Ceres,1.685,0.979,0.0014,8
1,Ceres,1.69,0.9775,0.0014,8
1,Ceres,1.695,0.9775,0.0014,8
1,Ceres,1.7,0.9779,0.0014,8
1,Ceres,1.705,0.9793,0.0014,8
1,Ceres,1.71,0.983,0.0014,8
1,Ceres,1.715,0.9796,0.0014,8
1,Ceres,1.72,0.9798,0.0014,8
1,Ceres,1.725,0.9822,0.0014,8
1,Ceres,1.73,0.9852,0.0015,8
1,Ceres,1.735,0.9846,0.0016,8
1,Ceres,1.74,0.9847,0.0015,8
1,Ceres,1.745,0.9819,0.0015,8
1,Ceres,1.75,0.9843,0.0015,8
1,Ceres,1.755,0.9845,0.0015,8
1,Ceres,1.76,0.9862,0.0015,8
1,Ceres,1.765,0.9838,0.0015,8
1,Ceres,1.77,0.9861,0.0015,8
1,Ceres,1.775,0.9877,0.0016,8
1,Ceres,1.78,0.989,0.0016,8
1,Ceres,1.785,0.9884,0.0016,8
1,Ceres,1.79,0.9887,0.0019,8
1,Ceres,1.8,0.9882,0.002,8
1,Ceres,1.805,0.9892,0.0022,8
1,Ceres,1.925,0.9952,0.0027,8
1,Ceres,1.93,0.998,0.0028,8
1,Ceres,1.94,0.998,0.0024,8
1,Ceres,1.955,0.9977,0.0025,8
1,Ceres,1.96,0.9986,0.0025,8
1,Ceres,1.965,0.9952,0.0023,8
1,Ceres,1.97,0.9961,0.0022,8
1,Ceres,1.975,0.9955,0.002,8
1,Ceres,1.98,0.9946,0.0019,8
1,Ceres,1.985,0.994,0.0021,8
1,Ceres,2.025,0.9964,0.002,8
1,Ceres,2.03,0.9983,0.002,8
1,Ceres,2.035,0.9963,0.002,8
1,Ceres,2.055,1.0001,0.0022,8
1,Ceres,2.06,0.9967,0.0022,8
1,Ceres,2.065,0.9986,0.0021,8
1,Ceres,2.07,0.997,0.0022,8
1,Ceres,2.075,1.0002,0.002,8
1,Ceres,2.08,0.9993,0.002,8
1,Ceres,2.085,0.9981,0.002,8
1,Ceres,2.09,0.9996,0.002,8
1,Ceres,2.095,0.9972,0.002,8
1,Ceres,2.1,0.9987,0.002,8
1,Ceres,2.105,1.0003,0.002,8
1,Ceres,2.115,1.0005,0.002,8
1,Ceres,2.12,1.0004,0.002,8
1,Ceres,2.125,0.998,0.002,8
1,Ceres,2.13,0.9996,0.0021,8
1,Ceres,2.135,0.999,0.0021,8
1,Ceres,2.14,0.9988,0.0021,8
1,Ceres,2.145,0.9993,0.0021,8
1,Ceres,2.15,0.999,0.0021,8
1,Ceres,2.155,1.0003,0.0021,8
1,Ceres,2.16,0.9988,0.0022,8
1,Ceres,2.165,1.0007,0.0022,8
1,Ceres,2.17,1.0018,0.0022,8
1,Ceres,2.175,1.0014,0.0022,8
1,Ceres,2.18,1.0017,0.0022,8
1,Ceres,2.185,1.0032,0.0022,8
1,Ceres,2.19,1.0001,0.0022,8
1,Ceres,2.195,0.9992,0.0023,8
1,Ceres,2.2,0.9996,0.0023,8
1,Ceres,2.205,1.0036,0.0023,8
1,Ceres,2.21,1.0007,0.0023,8
1,Ceres,2.215,1.0001,0.0023,8
1,Ceres,2.22,1.0021,0.0023,8
1,Ceres,2.225,1.0005,0.0023,8
1,Ceres,2.23,1.0044,0.0024,8
1,Ceres,2.235,1.0023,0.0024,8
1,Ceres,2.24,0.9995,0.0024,8
1,Ceres,2.245,1.0044,0.0025,8
1,Ceres,2.25,1.0011,0.0024,8
1,Ceres,2.255,1.0025,0.0025,8
1,Ceres,2.26,1.0022,0.0025,8
1,Ceres,2.265,1.0016,0.0025,8
1,Ceres,2.27,1.0019,0.0025,8
1,Ceres,2.275,0.9996,0.0025,8
1,Ceres,2.28,1.0018,0.0025,8
1,Ceres,2.285,1.0034,0.0026,8
1,Ceres,2.29,1.0013,0.0026,8
1,Ceres,2.295,0.9993,0.0026,8
1,Ceres,2.3,1.0005,0.0026,8
1,Ceres,2.305,0.9997,0.0026,8
1,Ceres,2.31,0.9979,0.0026,8
1,Ceres,2.325,0.9993,0.0027,8
1,Ceres,2.33,1.0038,0.0027,8
1,Ceres,2.335,1.0009,0.0027,8
1,Ceres,2.34,1.0037,0.0027,8
1,Ceres,2.345,1.0009,0.0028,8
1,Ceres,2.35,1.0063,0.0029,8
1,Ceres,2.355,1.0048,0.0028,8
1,Ceres,2.36,1.003,0.0028,8
1,Ceres,2.365,1.0027,0.0028,8
1,Ceres,2.375,1.0064,0.0029,8
1,Ceres,2.38,1.005,0.0029,8
1,Ceres,2.39,1.0056,0.0029,8
1,Ceres,2.395,1.0055,0.0029,8
1,Ceres,2.415,1.0038,0.003,8
1,Ceres,2.425,1.0061,0.003,8
1,Ceres,2.43,1.0075,0.003,8
1,Ceres,2.445,1.0057,0.0034,8
2,Pallas,0.435,0.9235,0.0643,1
2,Pallas,0.4375,0.9906,0.0603,1
2,Pallas,0.44,0.975,0.0524,1
2,Pallas,0.4425,0.9417,0.0445,1
2,Pallas,0.445,0.9799,0.0406,1
2,Pallas,0.4475,0.9711,0.0355,1
2,Pallas,0.45,0.9835,0.0317,1
2,Pallas,0.4525,0.9752,0.0287,1
2,Pallas,0.455,1.0005,0.0271,1
2,Pallas,0.4575,0.9864,0.0245,1
2,Pallas,0.46,0.9859,0.0225,1
2,Pallas,0.4625,0.9808,0.0208,1
2,Pallas,0.465,0.9848,0.0139,1
2,Pallas,0.4675,0.9956,0.0132,1
2,Pallas,0.47,0.9843,0.0124,1
2,Pallas,0.4725,0.9834,0.0116,1
2,Pallas,0.475,0.9845,0.0109,1
2,Pallas,0.4775,0.9878,0.0103,1
2,Pallas,0.48,0.986,0.0097,1
2,Pallas,0.4825,0.9888,0.0093,1
2,Pallas,0.485,0.9952,0.009,1
2,Pallas,0.4875,1.0179,0.0091,1
2,Pallas,0.49,0.9898,0.0086,1
2,Pallas,0.4925,0.9624,0.0079,1
2,Pallas,0.495,0.9837,0.0077,1
2,Pallas,0.4975,0.9814,0.0073,1
2,Pallas,0.5,0.9936,0.0071,1
2,Pallas,0.5025,1.0034,0.007,1
2,Pallas,0.505,1.0066,0.0069,1
2,Pallas,0.5075,0.9907,0.0066,1
2,Pallas,0.51,0.9853,0.0063,1
2,Pallas,0.5125,0.9969,0.0062,1
2,Pallas,0.515,0.998,0.006,1
2,Pallas,0.5175,1.0139,0.0059,1
2,Pallas,0.52,1.0201,0.0059,1
2,Pallas,0.5225,1.0111,0.0059,1
2,Pallas,0.525,0.9733,0.0054,1
2,Pallas,0.5275,0.9859,0.0052,1
2,Pallas,0.53,1.0016,0.0051,1
2,Pallas,0.5325,0.9973,0.005,1
2,Pallas,0.535,0.984,0.0047,1
2,Pallas,0.5375,1.0008,0.0047,1
2,Pallas,0.54,0.9923,0.0046,1
2,Pallas,0.5425,1.0058,0.0045,1
2,Pallas,0.545,1.0225,0.0046,1
2,Pallas,0.5475,0.9971,0.0043,1
2,Pallas,0.55,0.9907,0.0042,1
2,Pallas,0.5525,1.0034,0.0042,1
2,Pallas,0.555,0.9976,0.0041,1
2,Pallas,0.5575,1.0076,0.004,1
2,Pallas,0.56,1.0043,0.0039,1
2,Pallas,0.5625,1.0093,0.0039,1
2,Pallas,0.565,1.0109,0.0039,1
2,Pallas,0.5675,1.0003,0.0038,1
2,Pallas,0.57,1.0001,0.0037,1
2,Pallas,0.5725,1.0094,0.0037,1
2,Pallas,0.575,1.0056,0.0036,1
2,Pallas,0.5775,1.0,0.0035,1
2,Pallas,0.58,0.9929,0.0034,1
2,Pallas,0.5825,1.0064,0.0034,1
2,Pallas,0.585,1.0035,0.0034,1
2,Pallas,0.5875,0.9958,0.0033,1
2,Pallas,0.59,1.0024,0.0033,1
2,Pallas,0.5925,1.0133,0.0033,1
2,Pallas,0.595,1.0232,0.0034,1
2,Pallas,0.5975,1.0011,0.0033,1
2,Pallas,0.6,0.9959,0.0032,1
2,Pallas,0.6025,1.0001,0.0031,1
2,Pallas,0.605,1.0051,0.0031,1
2,Pallas,0.6075,1.004,0.0031,1
2,Pallas,0.61,0.998,0.003,1
2,Pallas,0.6125,1.0009,0.003,1
2,Pallas,0.615,1.0092,0.003,1
2,Pallas,0.6175,1.0012,0.003,1
2,Pallas,0.62,1.0158,0.003,1
2,Pallas,0.6225,1.0145,0.003,1
2,Pallas,0.625,0.9898,0.0029,1
2,Pallas,0.6275,1.0041,0.0029,1
2,Pallas,0.63,1.01,0.0029,1
2,Pallas,0.6325,1.0074,0.0029,1
2,Pallas,0.635,0.9973,0.0029,1
2,Pallas,0.6375,1.0077,0.0029,1
2,Pallas,0.64,1.0012,0.0028,1
2,Pallas,0.6425,0.9939,0.0028,1
2,Pallas,0.645,1.0038,0.0028,1
2,Pallas,0.6475,1.0029,0.0028,1
2,Pallas,0.65,1.0034,0.0028,1
2,Pallas,0.6525,1.008,0.0028,1
2,Pallas,0.655,1.0007,0.0028,1
2,Pallas,0.6575,0.9974,0.0028,1
2,Pallas,0.66,1.0131,0.0028,1
2,Pallas,0.6625,1.015,0.0029,1
2,Pallas,0.665,0.9707,0.0027,1
2,Pallas,0.6675,0.9887,0.0027,1
2,Pallas,0.67,1.0034,0.0027,1
2,Pallas,0.6725,1.003,0.0027,1
2,Pallas,0.675,0.9935,0.0026,1
2,Pallas,0.6775,1.0015,0.0026,1
2,Pallas,0.68,1.0049,0.0027,1
2,Pallas,0.6825,0.9929,0.0026,1
2,Pallas,0.685,0.9994,0.0026,1
2,Pallas,0.6875,1.0041,0.0026,1
2,Pallas,0.69,1.0041,0.0027,1
2,Pallas,0.6925,1.0332,0.0028,1
2,Pallas,0.695,0.997,0.0028,1
2,Pallas,0.6975,0.9825,0.0027,1
2,Pallas,0.7,0.9953,0.0027,1
2,Pallas,0.7025,0.9933,0.0027,1
2,Pallas,0.705,1.0082,0.0027,1
2,Pallas,0.7075,1.0017,0.0027,1
2,Pallas,0.71,0.9926,0.0027,1
2,Pallas,0.7125,0.9991,0.0027,1
2,Pallas,0.715,0.9954,0.0027,1
2,Pallas,0.7175,1.0012,0.0027,1
2,Pallas,0.72,1.0178,0.0028,1
2,Pallas,0.7225,1.0613,0.0031,1
2,Pallas,0.725,1.017,0.0031,1
2,Pallas,0.7275,0.9804,0.0029,1
2,Pallas,0.73,1.0265,0.003,1
2,Pallas,0.7325,1.0026,0.003,1
2,Pallas,0.735,0.9977,0.003,1
2,Pallas,0.7375,0.9852,0.0029,1
2,Pallas,0.74,0.9948,0.0029,1
2,Pallas,0.7425,1.0023,0.0029,1
2,Pallas,0.745,1.0039,0.0029,1
2,Pallas,0.7475,0.9934,0.0028,1
2,Pallas,0.75,0.9908,0.0028,1
2,Pallas,0.7525,0.9965,0.0028,1
2,Pallas,0.755,1.002,0.0029,1
2,Pallas,0.7575,1.0021,0.0029,1
2,Pallas,0.76,1.0015,0.0029,1
2,Pallas,0.775,0.9793,0.003,1
2,Pallas,0.7775,0.9904,0.003,1
2,Pallas,0.78,0.9938,0.003,1
2,Pallas,0.7825,0.9956,0.003,1
2,Pallas,0.785,0.9947,0.0031,1
2,Pallas,0.7875,0.9968,0.0031,1
2,Pallas,0.79,0.9934,0.0031,1
2,Pallas,0.7925,1.0011,0.0032,1
2,Pallas,0.795,1.0033,0.0032,1
2,Pallas,0.7975,0.9915,0.0033,1
2,Pallas,0.8,0.9863,0.0032,1
2,Pallas,0.8025,0.9963,0.0033,1
2,Pallas,0.805,1.0021,0.0034,1
2,Pallas,0.8075,0.9926,0.0034,1
2,Pallas,0.81,0.9928,0.0034,1
2,Pallas,0.8125,1.0025,0.0035,1
2,Pallas,0.815,1.0144,0.0036,1
2,Pallas,0.8175,1.0285,0.0039,1
2,Pallas,0.82,1.0087,0.004,1
2,Pallas,0.8225,0.9848,0.0039,1
2,Pallas,0.825,0.9914,0.0039,1
2,Pallas,0.8275,0.9879,0.0039,1
2,Pallas,0.83,0.9909,0.0039,1
2,Pallas,0.8325,0.9939,0.004,1
2,Pallas,0.835,0.9829,0.004,1
2,Pallas,0.8375,0.9865,0.004,1
2,Pallas,0.84,0.9761,0.004,1
2,Pallas,0.8425,0.9821,0.004,1
2,Pallas,0.845,0.9791,0.004,1
2,Pallas,0.8475,0.9853,0.0041,1
2,Pallas,0.85,0.9886,0.0042,1
2,Pallas,0.8525,0.9972,0.0043,1
2,Pallas,0.855,1.0034,0.0045,1
2,Pallas,0.8575,0.9752,0.0044,1
2,Pallas,0.86,0.9676,0.0043,1
2,Pallas,0.8625,0.9848,0.0045,1
2,Pallas,0.865,0.9853,0.0046,1
2,Pallas,0.8675,1.0065,0.0049,1
2,Pallas,0.87,0.9754,0.0048,1
2,Pallas,0.8725,0.9796,0.0048,1
2,Pallas,0.875,0.991,0.005,1
2,Pallas,0.8775,0.9851,0.0051,1
2,Pallas,0.88,0.983,0.0052,1
2,Pallas,0.8825,0.9783,0.0053,1
2,Pallas,0.885,0.9713,0.0053,1
2,Pallas,0.8875,0.9783,0.0054,1
2,Pallas,0.89,0.9701,0.0055,1
2,Pallas,0.8925,0.9824,0.0058,1
2,Pallas,0.895,0.9982,0.0062,1
2,Pallas,0.8975,1.0137,0.0067,1
2,Pallas,0.9,1.0026,0.0071,1
2,Pallas,0.9025,0.9753,0.007,1
2,Pallas,0.905,0.9616,0.0068,1
2,Pallas,0.9075,0.9966,0.0073,1
2,Pallas,0.91,0.9963,0.0077,1
2,Pallas,0.9125,0.9841,0.0079,1
2,Pallas,0.915,0.978,0.0081,1
2,Pallas,0.9175,0.9672,0.0081,1
2,Pallas,0.92,0.9565,0.008,1
2,Pallas,0.9225,0.9728,0.0082,1
2,Pallas,0.925,0.9859,0.0087,1
2,Pallas,0.78,1.0023,0.0035,1
2,Pallas,0.785,1.0037,0.0034,1
2,Pallas,0.79,1.0037,0.0034,1
2,Pallas,0.795,1.0017,0.0034,1
2,Pallas,0.8,1.0028,0.0033,1
2,Pallas,0.805,1.0012,0.0033,1
2,Pallas,0.81,1.001,0.0033,1
2,Pallas,0.815,0.9981,0.0032,1
2,Pallas,0.825,0.9962,0.0032,1
2,Pallas,0.83,0.9952,0.0031,1
2,Pallas,0.835,0.9964,0.0031,1
2,Pallas,0.84,0.9922,0.0031,1
2,Pallas,0.845,0.9897,0.0031,1
2,Pallas,0.85,0.9895,0.0031,1
2,Pallas,0.855,0.9817,0.003,1
2,Pallas,0.86,0.9833,0.003,1
2,Pallas,0.865,0.9839,0.003,1
2,Pallas,0.87,0.9824,0.003,1
2,Pallas,0.875,0.9809,0.0029,1
2,Pallas,0.88,0.9783,0.0029,1
2,Pallas,0.885,0.9804,0.0029,1
2,Pallas,0.89,0.9792,0.0028,1
2,Pallas,0.895,0.9803,0.0028,1
2,Pallas,0.9,0.9784,0.0028,1
2,Pallas,0.91,0.973,0.0028,1
2,Pallas,0.915,0.9702,0.0027,1
2,Pallas,0.92,0.9663,0.0028,1
2,Pallas,0.925,0.9641,0.0027,1
2,Pallas,0.93,0.9666,0.0027,1
2,Pallas,0.935,0.964,0.0027,1
2,Pallas,0.94,0.9597,0.0027,1
2,Pallas,0.96,0.9585,0.0026,1
2,Pallas,0.965,0.9588,0.0028,1
2,Pallas,0.97,0.9575,0.0027,1
2,Pallas,0.975,0.9547,0.0025,1
2,Pallas,0.985,0.9575,0.0026,1
2,Pallas,0.99,0.954,0.0026,1
2,Pallas,0.995,0.9541,0.0024,1
2,Pallas,1.0,0.9554,0.0024,1
2,Pallas,1.005,0.954,0.0024,1
2,Pallas,1.01,0.95,0.0024,1
2,Pallas,1.015,0.9508,0.0024,1
2,Pallas,1.02,0.948,0.0023,1
2,Pallas,1.025,0.9491,0.0023,1
2,Pallas,1.03,0.9488,0.0023,1
2,Pallas,1.035,0.9477,0.0023,1
2,Pallas,1.04,0.9452,0.0023,1
2,Pallas,1.045,0.9467,0.0023,1
2,Pallas,1.05,0.9458,0.0023,1
2,Pallas,1.055,0.9457,0.0022,1
2,Pallas,1.06,0.9424,0.0022,1
2,Pallas,1.065,0.9427,0.0022,1
2,Pallas,1.07,0.9384,0.0022,1
2,Pallas,1.075,0.935,0.0022,1
2,Pallas,1.08,0.9361,0.0022,1
2,Pallas,1.085,0.9338,0.0022,1
2,Pallas,1.09,0.9348,0.0022,1
2,Pallas,1.095,0.9325,0.0021,1
2,Pallas,1.1,0.9302,0.0021,1
2,Pallas,1.105,0.93,0.0021,1
2,Pallas,1.11,0.9346,0.0021,1
2,Pallas,1.115,0.9323,0.0021,1
2,Pallas,1.12,0.9366,0.0022,1
2,Pallas,1.125,0.9326,0.0022,1
2,Pallas,1.13,0.93,0.0022,1
2,Pallas,1.135,0.929,0.0022,1
2,Pallas,1.14,0.9253,0.0021,1
2,Pallas,1.145,0.9266,0.0021,1
2,Pallas,1.15,0.9253,0.0021,1
2,Pallas,1.155,0.9267,0.0021,1
2,Pallas,1.16,0.9288,0.002,1
2,Pallas,1.165,0.9265,0.002,1
2,Pallas,1.17,0.9274,0.002,1
2,Pallas,1.175,0.9255,0.002,1
2,Pallas,1.18,0.927,0.002,1
2,Pallas,1.185,0.9295,0.002,1
2,Pallas,1.19,0.9251,0.002,1
2,Pallas,1.195,0.9245,0.002,1
2,Pallas,1.2,0.9248,0.002,1
2,Pallas,1.205,0.9241,0.002,1
2,Pallas,1.21,0.9285,0.002,1
2,Pallas,1.215,0.9243,0.0019,1
2,Pallas,1.22,0.9273,0.0019,1
2,Pallas,1.225,0.9249,0.0019,1
2,Pallas,1.23,0.9259,0.002,1
2,Pallas,1.235,0.9291,0.002,1
2,Pallas,1.24,0.9221,0.0019,1
2,Pallas,1.245,0.9273,0.0019,1
2,Pallas,1.25,0.9269,0.0019,1
2,Pallas,1.255,0.9248,0.0019,1
2,Pallas,1.26,0.9228,0.002,1
2,Pallas,1.265,0.9272,0.002,1
2,Pallas,1.27,0.9292,0.002,1
2,Pallas,1.275,0.9214,0.002,1
2,Pallas,1.28,0.9225,0.0019,1
2,Pallas,1.285,0.9246,0.0019,1
2,Pallas,1.29,0.9227,0.0019,1
2,Pallas,1.295,0.9249,0.0019,1
2,Pallas,1.3,0.9232,0.0019,1
2,Pallas,1.305,0.9192,0.0019,1
2,Pallas,1.31,0.9206,0.0019,1
2,Pallas,1.315,0.919,0.0019,1
2,Pallas,1.32,0.924,0.0019,1
2,Pallas,1.325,0.9216,0.0019,1
2,Pallas,1.33,0.9218,0.002,1
2,Pallas,1.335,0.9217,0.002,1
2,Pallas,1.34,0.9218,0.0021,1
2,Pallas,1.345,0.9184,0.0025,1
2,Pallas,1.35,0.9181,0.0029,1
2,Pallas,1.355,0.9206,0.0034,1
2,Pallas,1.36,0.9192,0.0027,1
2,Pallas,1.365,0.9154,0.0027,1
2,Pallas,1.37,0.9216,0.0027,1
2,Pallas,1.375,0.9129,0.0026,1
2,Pallas,1.38,0.9182,0.0026,1
2,Pallas,1.39,0.9207,0.0026,1
2,Pallas,1.395,0.9183,0.0025,1
2,Pallas,1.4,0.9171,0.0024,1
2,Pallas,1.405,0.9165,0.0024,1
2,Pallas,1.41,0.912,0.0023,1
2,Pallas,1.415,0.9118,0.0022,1
2,Pallas,1.42,0.9136,0.0022,1
2,Pallas,1.425,0.9089,0.0023,1
2,Pallas,1.43,0.9121,0.0022,1
2,Pallas,1.435,0.9087,0.0022,1
2,Pallas,1.445,0.9076,0.0021,1
2,Pallas,1.455,0.911,0.0021,1
2,Pallas,1.46,0.91,0.0021,1
2,Pallas,1.465,0.9112,0.0021,1
2,Pallas,1.47,0.9076,0.0021,1
2,Pallas,1.475,0.9108,0.0021,1
2,Pallas,1.48,0.9107,0.0021,1
2,Pallas,1.485,0.9067,0.0021,1
2,Pallas,1.49,0.9113,0.0021,1
2,Pallas,1.495,0.9078,0.0022,1
2,Pallas,1.5,0.9059,0.002,1
2,Pallas,1.505,0.9086,0.0021,1
2,Pallas,1.51,0.9105,0.0021,1
2,Pallas,1.52,0.9111,0.0021,1
2,Pallas,1.525,0.9095,0.0021,1
2,Pallas,1.53,0.909,0.0021,1
2,Pallas,1.535,0.9123,0.0021,1
2,Pallas,1.54,0.9099,0.0021,1
2,Pallas,1.545,0.9119,0.0021,1
2,Pallas,1.55,0.9096,0.0021,1
2,Pallas,1.555,0.9116,0.0021,1
2,Pallas,1.56,0.9098,0.0021,1
2,Pallas,1.565,0.9075,0.0021,1
2,Pallas,1.57,0.9054,0.0022,1
2,Pallas,1.575,0.8997,0.0022,1
2,Pallas,1.58,0.9052,0.0022,1
2,Pallas,1.585,0.9029,0.0022,1
2,Pallas,1.59,0.8987,0.0022,1
2,Pallas,1.595,0.8975,0.0022,1
2,Pallas,1.6,0.8983,0.0022,1
2,Pallas,1.605,0.901,0.0022,1
2,Pallas,1.61,0.9047,0.0022,1
2,Pallas,1.615,0.9006,0.0022,1
2,Pallas,1.62,0.9027,0.0022,1
2,Pallas,1.625,0.9002,0.0022,1
2,Pallas,1.63,0.905,0.0022,1
2,Pallas,1.635,0.9033,0.0022,1
2,Pallas,1.64,0.8972,0.0022,1
2,Pallas,1.645,0.9002,0.0022,1
2,Pallas,1.65,0.9026,0.0022,1
2,Pallas,1.655,0.9021,0.0022,1
2,Pallas,1.66,0.9046,0.0022,1
2,Pallas,1.665,0.9073,0.0023,1
2,Pallas,1.67,0.9046,0.0023,1
2,Pallas,1.68,0.9095,0.0023,1
2,Pallas,1.685,0.9053,0.0023,1
2,Pallas,1.69,0.9049,0.0024,1
2,Pallas,1.695,0.9032,0.0023,1
2,Pallas,1.7,0.9028,0.0023,1
2,Pallas,1.705,0.9,0.0023,1
2,Pallas,1.71,0.9047,0.0025,1
2,Pallas,1.715,0.9083,0.0025,1
2,Pallas,1.72,0.8993,0.0023,1
2,Pallas,1.725,0.9008,0.0024,1
2,Pallas,1.73,0.9054,0.0024,1
2,Pallas,1.735,0.9053,0.0024,1
2,Pallas,1.74,0.9059,0.0024,1
2,Pallas,1.745,0.9042,0.0024,1
2,Pallas,1.75,0.8998,0.0024,1
2,Pallas,1.755,0.8991,0.0024,1
2,Pallas,1.76,0.9028,0.0025,1
2,Pallas,1.765,0.8961,0.0025,1
2,Pallas,1.77,0.8973,0.0025,1
2,Pallas,1.775,0.8979,0.0025,1
2,Pallas,1.78,0.8967,0.0025,1
2,Pallas,1.785,0.8992,0.0026,1
2,Pallas,1.79,0.9026,0.0026,1
2,Pallas,1.795,0.9012,0.0026,1
2,Pallas,1.8,0.9033,0.0027,1
2,Pallas,1.805,0.9018,0.0028,1
2,Pallas,1.81,0.9007,0.0029,1
2,Pallas,1.815,0.9037,0.003,1
2,Pallas,1.82,0.9067,0.0031,1
2,Pallas,1.825,0.9081,0.0032,1
2,Pallas,1.835,0.9064,0.0037,1
2,Pallas,1.84,0.9071,0.0038,1
2,Pallas,1.845,0.8972,0.0039,1
2,Pallas,1.85,0.8926,0.0039,1
2,Pallas,1.86,0.8934,0.0037,1
2,Pallas,1.865,0.8958,0.0039,1
2,Pallas,1.87,0.9006,0.0041,1
2,Pallas,1.875,0.8932,0.0042,1
2,Pallas,1.895,0.9022,0.0035,1
2,Pallas,1.9,0.8962,0.0037,1
2,Pallas,1.905,0.8933,0.0038,1
2,Pallas,1.91,0.8994,0.0039,1
2,Pallas,1.915,0.8955,0.0038,1
2,Pallas,1.92,0.8936,0.0036,1
2,Pallas,1.925,0.9023,0.0036,1
2,Pallas,1.93,0.8954,0.0034,1
2,Pallas,1.935,0.8993,0.0033,1
2,Pallas,1.94,0.9033,0.0033,1
2,Pallas,1.945,0.8987,0.0033,1
2,Pallas,1.95,0.9034,0.0034,1
2,Pallas,1.955,0.9027,0.0036,1
2,Pallas,1.96,0.9027,0.0037,1
2,Pallas,1.965,0.9009,0.0036,1
2,Pallas,1.97,0.8984,0.0035,1
2,Pallas,1.975,0.9011,0.0033,1
2,Pallas,1.98,0.8953,0.0031,1
2,Pallas,1.985,0.8891,0.003,1
2,Pallas,1.99,0.8924,0.003,1
2,Pallas,1.995,0.8896,0.0033,1
2,Pallas,2.02,0.9006,0.0043,1
2,Pallas,2.025,0.9005,0.0038,1
2,Pallas,2.03,0.8967,0.0034,1
2,Pallas,2.035,0.8966,0.0032,1
2,Pallas,2.04,0.8979,0.0032,1
2,Pallas,2.045,0.8985,0.0033,1
2,Pallas,2.05,0.8911,0.0036,1
2,Pallas,2.055,0.8927,0.0036,1
2,Pallas,2.06,0.8983,0.0037,1
2,Pallas,2.065,0.8978,0.0037,1
2,Pallas,2.07,0.8978,0.0037,1
2,Pallas,2.075,0.9011,0.0037,1
2,Pallas,2.08,0.8999,0.0036,1
2,Pallas,2.085,0.8949,0.0034,1
2,Pallas,2.09,0.8904,0.0033,1
2,Pallas,2.095,0.8885,0.0033,1
2,Pallas,2.1,0.888,0.0033,1
2,Pallas,2.105,0.8924,0.0033,1
2,Pallas,2.11,0.8925,0.0034,1
2,Pallas,2.115,0.8906,0.0034,1
2,Pallas,2.12,0.8917,0.0034,1
2,Pallas,2.125,0.8908,0.0034,1
2,Pallas,2.13,0.8903,0.0034,1
2,Pallas,2.135,0.89,0.0034,1
2,Pallas,2.14,0.89,0.0034,1
2,Pallas,2.145,0.8914,0.0034,1
2,Pallas,2.15,0.8926,0.0035,1
2,Pallas,2.155,0.8906,0.0035,1
2,Pallas,2.16,0.8925,0.0035,1
2,Pallas,2.165,0.8935,0.0036,1
2,Pallas,2.17,0.8923,0.0036,1
2,Pallas,2.175,0.8924,0.0036,1
2,Pallas,2.18,0.8909,0.0036,1
2,Pallas,2.185,0.8921,0.0036,1
2,Pallas,2.19,0.8909,0.0036,1
2,Pallas,2.195,0.8902,0.0036,1
2,Pallas,2.2,0.89,0.0037,1
2,Pallas,2.205,0.8932,0.0037,1
2,Pallas,2.21,0.889,0.0037,1
2,Pallas,2.215,0.8907,0.0037,1
2,Pallas,2.22,0.8916,0.0037,1
2,Pallas,2.225,0.8898,0.0037,1
2,Pallas,2.23,0.8881,0.0038,1
2,Pallas,2.235,0.8896,0.0038,1
2,Pallas,2.24,0.8832,0.0038,1
2,Pallas,2.245,0.8858,0.0038,1
2,Pallas,2.25,0.8889,0.0039,1
2,Pallas,2.255,0.8854,0.0039,1
2,Pallas,2.26,0.8843,0.004,1
2,Pallas,2.265,0.8808,0.0039,1
2,Pallas,2.27,0.8829,0.004,1
2,Pallas,2.275,0.8798,0.004,1
2,Pallas,2.28,0.8829,0.004,1
2,Pallas,2.285,0.8791,0.004,1
2,Pallas,2.29,0.8744,0.0041,1
2,Pallas,2.3,0.8779,0.0041,1
2,Pallas,2.305,0.8737,0.0041,1
2,Pallas,2.31,0.8738,0.0041,1
2,Pallas,2.315,0.8731,0.0042,1
2,Pallas,2.32,0.8706,0.0043,1
2,Pallas,2.325,0.8717,0.0042,1
2,Pallas,2.33,0.8745,0.0042,1
2,Pallas,2.335,0.8795,0.0043,1
2,Pallas,2.345,0.8784,0.0044,1
2,Pallas,2.35,0.8779,0.0044,1
2,Pallas,2.355,0.8732,0.0044,1
2,Pallas,2.36,0.8742,0.0044,1
2,Pallas,2.365,0.8757,0.0045,1
2,Pallas,2.37,0.8809,0.0046,1
2,Pallas,2.375,0.8747,0.0045,1
2,Pallas,2.38,0.8728,0.0045,1
2,Pallas,2.385,0.8695,0.0045,1
2,Pallas,2.39,0.8746,0.0045,1
2,Pallas,2.4,0.8796,0.0045,1
2,Pallas,2.405,0.8721,0.0046,1
2,Pallas,2.41,0.8726,0.0046,1
2,Pallas,2.415,0.8778,0.0047,1
2,Pallas,2.42,0.8768,0.0046,1
2,Pallas,2.425,0.8786,0.0047,1
2,Pallas,2.43,0.876,0.0047,1
2,Pallas,2.435,0.8785,0.0048,1
2,Pallas,2.44,0.8729,0.0048,1
2,Pallas,2.445,0.8785,0.0049,1
2,Pallas,2.45,0.8768,0.0049,1
2,Pallas,2.455,0.8748,0.0049,1
2,Pallas,2.46,0.8754,0.0049,1
3,Juno,0.435,0.8798,0.0099,1
3,Juno,0.4375,0.8674,0.009,1
3,Juno,0.44,0.8682,0.0082,1
3,Juno,0.4425,0.8842,0.0075,1
3,Juno,0.445,0.8672,0.0068,1
3,Juno,0.4475,0.8787,0.0065,1
3,Juno,0.45,0.8847,0.006,1
3,Juno,0.4525,0.8802,0.0056,1
3,Juno,0.455,0.885,0.0053,1
3,Juno,0.4575,0.8982,0.005,1
3,Juno,0.46,0.8997,0.0048,1
3,Juno,0.4625,0.9043,0.0046,1
3,Juno,0.465,0.9104,0.0044,1
3,Juno,0.4675,0.9133,0.0041,1
3,Juno,0.47,0.9125,0.0039,1
3,Juno,0.4725,0.914,0.0037,1
3,Juno,0.475,0.9122,0.0035,1
3,Juno,0.4775,0.9247,0.0034,1
3,Juno,0.48,0.926,0.0034,1
3,Juno,0.4825,0.9173,0.0033,1
3,Juno,0.485,0.9425,0.0031,1
3,Juno,0.4875,0.9329,0.003,1
3,Juno,0.49,0.9341,0.0029,1
3,Juno,0.4925,0.938,0.0028,1
3,Juno,0.495,0.9449,0.0027,1
3,Juno,0.4975,0.9408,0.0026,1
3,Juno,0.5,0.9559,0.0026,1
3,Juno,0.5025,0.9551,0.0025,1
3,Juno,0.505,0.9544,0.0024,1
3,Juno,0.5075,0.9614,0.0024,1
3,Juno,0.51,0.9666,0.0023,1
3,Juno,0.5125,0.9567,0.0023,1
3,Juno,0.515,0.9543,0.0022,1
3,Juno,0.5175,0.9764,0.0022,1
3,Juno,0.52,0.973,0.0021,1
3,Juno,0.5225,0.9593,0.002,1
3,Juno,0.525,0.9737,0.002,1
3,Juno,0.5275,0.983,0.0019,1
3,Juno,0.53,0.9769,0.0019,1
3,Juno,0.5325,0.9876,0.0019,1
3,Juno,0.535,0.9867,0.0018,1
3,Juno,0.5375,0.9839,0.0018,1
3,Juno,0.54,0.9948,0.0018,1
3,Juno,0.5425,0.9949,0.0017,1
3,Juno,0.545,0.9968,0.0017,1
3,Juno,0.5475,0.9997,0.0017,1
3,Juno,0.55,1.0051,0.0016,1
3,Juno,0.5525,1.0085,0.0016,1
3,Juno,0.555,1.0027,0.0016,1
3,Juno,0.5575,1.0084,0.0016,1
3,Juno,0.56,1.0146,0.0016,1
3,Juno,0.5625,1.0103,0.0015,1
3,Juno,0.565,1.013,0.0015,1
3,Juno,0.5675,1.0123,0.0015,1
3,Juno,0.57,1.02,0.0015,1
3,Juno,0.5725,1.0178,0.0014,1
3,Juno,0.575,1.017,0.0014,1
3,Juno,0.5775,1.0242,0.0014,1
3,Juno,0.58,1.0308,0.0014,1
3,Juno,0.5825,1.0289,0.0014,1
3,Juno,0.585,1.021,0.0014,1
3,Juno,0.5875,1.0258,0.0014,1
3,Juno,0.59,1.0381,0.0013,1
3,Juno,0.5925,1.0345,0.0013,1
3,Juno,0.595,1.0344,0.0013,1
3,Juno,0.5975,1.0363,0.0013,1
3,Juno,0.6,1.0409,0.0013,1
3,Juno,0.6025,1.046,0.0013,1
3,Juno,0.605,1.0472,0.0013,1
3,Juno,0.6075,1.0477,0.0013,1
3,Juno,0.61,1.0504,0.0013,1
3,Juno,0.6125,1.0482,0.0012,1
3,Juno,0.615,1.0552,0.0012,1
3,Juno,0.6175,1.0556,0.0012,1
3,Juno,0.62,1.0505,0.0012,1
3,Juno,0.6225,1.0567,0.0012,1
3,Juno,0.625,1.0596,0.0012,1
3,Juno,0.6275,1.0587,0.0012,1
3,Juno,0.63,1.063,0.0012,1
3,Juno,0.6325,1.0642,0.0012,1
3,Juno,0.635,1.07,0.0012,1
3,Juno,0.6375,1.0721,0.0012,1
3,Juno,0.64,1.0741,0.0012,1
3,Juno,0.6425,1.0738,0.0012,1
3,Juno,0.645,1.0693,0.0012,1
3,Juno,0.6475,1.0855,0.0013,1
3,Juno,0.65,1.0935,0.002,1
3,Juno,0.655,1.0909,0.0013,1
3,Juno,0.6575,1.0812,0.0011,1
3,Juno,0.66,1.0889,0.0012,1
3,Juno,0.6625,1.0926,0.0012,1
3,Juno,0.665,1.087,0.0011,1
3,Juno,0.6675,1.0918,0.0011,1
3,Juno,0.67,1.0904,0.0011,1
3,Juno,0.6725,1.0926,0.0011,1
3,Juno,0.675,1.0967,0.0011,1
3,Juno,0.6875,1.0967,0.0012,1
3,Juno,0.69,1.1002,0.0012,1
3,Juno,0.6925,1.104,0.0012,1
3,Juno,0.695,1.1001,0.0012,1
3,Juno,0.6975,1.1073,0.0012,1
3,Juno,0.7,1.1098,0.0012,1
3,Juno,0.7025,1.1049,0.0012,1
3,Juno,0.705,1.1079,0.0012,1
3,Juno,0.7075,1.1195,0.0014,1
3,Juno,0.715,1.1097,0.0012,1
3,Juno,0.7175,1.1105,0.0012,1
3,Juno,0.725,1.1059,0.0012,1
3,Juno,0.7275,1.1146,0.0012,1
3,Juno,0.73,1.1164,0.0012,1
3,Juno,0.7325,1.1121,0.0012,1
3,Juno,0.735,1.1116,0.0012,1
3,Juno,0.7375,1.1159,0.0012,1
3,Juno,0.74,1.1127,0.0012,1
3,Juno,0.7425,1.1083,0.0012,1
3,Juno,0.745,1.1079,0.0012,1
3,Juno,0.7475,1.1088,0.0012,1
3,Juno,0.7625,1.106,0.0033,1
3,Juno,0.765,1.0906,0.0014,1
3,Juno,0.7675,1.0901,0.0014,1
3,Juno,0.77,1.0957,0.0013,1
3,Juno,0.7725,1.0866,0.0013,1
3,Juno,0.775,1.0916,0.0013,1
3,Juno,0.7775,1.0897,0.0013,1
3,Juno,0.78,1.091,0.0013,1
3,Juno,0.7825,1.0907,0.0013,1
3,Juno,0.785,1.081,0.0013,1
3,Juno,0.7875,1.0844,0.0013,1
3,Juno,0.79,1.0853,0.0013,1
3,Juno,0.7925,1.0752,0.0013,1
3,Juno,0.795,1.08,0.0014,1
3,Juno,0.7975,1.0727,0.0014,1
3,Juno,0.8,1.0745,0.0014,1
3,Juno,0.8025,1.0694,0.0014,1
3,Juno,0.805,1.0719,0.0017,1
3,Juno,0.8125,1.0641,0.002,1
3,Juno,0.815,1.0587,0.0016,1
3,Juno,0.8175,1.0558,0.0016,1
3,Juno,0.82,1.05,0.0015,1
3,Juno,0.8225,1.051,0.0015,1
3,Juno,0.825,1.05,0.0015,1
3,Juno,0.8275,1.0517,0.0015,1
3,Juno,0.83,1.0476,0.0016,1
3,Juno,0.8325,1.0641,0.0034,1
3,Juno,0.835,1.0558,0.0022,1
3,Juno,0.8375,1.0523,0.0019,1
3,Juno,0.84,1.0482,0.0016,1
3,Juno,0.8425,1.0364,0.0016,1
3,Juno,0.845,1.0393,0.0017,1
3,Juno,0.8475,1.0342,0.0018,1
3,Juno,0.85,1.0427,0.0018,1
3,Juno,0.8525,1.0303,0.0017,1
3,Juno,0.855,1.0339,0.0017,1
3,Juno,0.8575,1.0231,0.0018,1
3,Juno,0.86,1.0339,0.0018,1
3,Juno,0.8625,1.0228,0.0018,1
3,Juno,0.865,1.026,0.0018,1
3,Juno,0.8675,1.0228,0.0019,1
3,Juno,0.87,1.019,0.0019,1
3,Juno,0.8725,1.0202,0.0019,1
3,Juno,0.875,1.0207,0.0019,1
3,Juno,0.8775,1.0136,0.0019,1
3,Juno,0.88,1.0103,0.002,1
3,Juno,0.8825,1.0183,0.002,1
3,Juno,0.885,1.018,0.0021,1
3,Juno,0.8875,1.0084,0.0021,1
3,Juno,0.89,1.0057,0.0022,1
3,Juno,0.8925,0.9968,0.0023,1
3,Juno,0.895,1.0097,0.0023,1
3,Juno,0.8975,1.0134,0.0023,1
3,Juno,0.9,1.0022,0.0024,1
3,Juno,0.9025,1.0061,0.0025,1
3,Juno,0.905,1.0157,0.0025,1
3,Juno,0.9075,1.008,0.0026,1
3,Juno,0.91,0.9991,0.0026,1
3,Juno,0.9125,1.0249,0.0027,1
3,Juno,0.915,1.0192,0.0028,1
3,Juno,0.9175,0.9972,0.0027,1
3,Juno,0.92,1.0067,0.0029,1
3,Juno,0.9225,1.0091,0.0035,1
3,Juno,0.925,0.992,0.0038,1
3,Juno,0.8,1.0746,0.0048,1
3,Juno,0.805,1.0603,0.0047,1
3,Juno,0.81,1.076,0.0047,1
3,Juno,0.815,1.0722,0.0047,1
3,Juno,0.82,1.0609,0.0046,1
3,Juno,0.825,1.054,0.0045,1
3,Juno,0.83,1.045,0.0044,1
3,Juno,0.835,1.0439,0.0044,1
3,Juno,0.84,1.0382,0.0043,1
3,Juno,0.845,1.0284,0.0042,1
3,Juno,0.85,1.0302,0.0043,1
3,Juno,0.855,1.0339,0.0043,1
3,Juno,0.86,1.034,0.0043,1
3,Juno,0.865,1.0223,0.0042,1
3,Juno,0.87,1.0242,0.0041,1
3,Juno,0.875,1.0181,0.0041,1
3,Juno,0.88,1.0179,0.004,1
3,Juno,0.885,1.0128,0.004,1
3,Juno,0.895,1.0044,0.0039,1
3,Juno,0.9,1.0027,0.0038,1
3,Juno,0.905,1.01,0.0038,1
3,Juno,0.91,1.0009,0.0038,1
3,Juno,0.915,1.0039,0.0037,1
3,Juno,0.92,1.0011,0.0037,1
3,Juno,0.925,1.0113,0.0038,1
3,Juno,0.93,1.0164,0.0038,1
3,Juno,0.935,1.015,0.0038,1
3,Juno,0.94,1.0082,0.0037,1
3,Juno,0.945,1.0131,0.0037,1
3,Juno,0.95,1.0165,0.0037,1
3,Juno,0.955,1.0178,0.0037,1
3,Juno,0.96,1.0211,0.0036,1
3,Juno,0.965,1.0218,0.0038,1
3,Juno,0.97,1.0245,0.0035,1
3,Juno,0.975,1.0261,0.0035,1
3,Juno,0.98,1.0188,0.0034,1
3,Juno,0.985,1.0307,0.0034,1
3,Juno,0.99,1.0347,0.0034,1
3,Juno,0.995,1.0363,0.0034,1
3,Juno,1.0,1.0369,0.0034,1
3,Juno,1.005,1.0399,0.0034,1
3,Juno,1.01,1.0415,0.0033,1
3,Juno,1.02,1.0467,0.0033,1
3,Juno,1.025,1.0497,0.0033,1
3,Juno,1.03,1.0588,0.0033,1
3,Juno,1.035,1.0689,0.0033,1
3,Juno,1.04,1.0697,0.0033,1
3,Juno,1.045,1.0817,0.0033,1
3,Juno,1.05,1.0827,0.0033,1
3,Juno,1.055,1.0844,0.0033,1
3,Juno,1.06,1.0869,0.0033,1
3,Juno,1.065,1.0906,0.0033,1
3,Juno,1.07,1.0935,0.0033,1
3,Juno,1.075,1.0992,0.0033,1
3,Juno,1.08,1.1039,0.0033,1
3,Juno,1.085,1.11,0.0033,1
3,Juno,1.09,1.1157,0.0033,1
3,Juno,1.095,1.1217,0.0033,1
3,Juno,1.1,1.1269,0.0033,1
3,Juno,1.105,1.1315,0.0033,1
3,Juno,1.11,1.1399,0.0033,1
3,Juno,1.115,1.142,0.0033,1
3,Juno,1.12,1.1456,0.0033,1
3,Juno,1.125,1.1548,0.0033,1
3,Juno,1.13,1.1591,0.0034,1
3,Juno,1.135,1.1642,0.0034,1
3,Juno,1.14,1.1683,0.0034,1
3,Juno,1.145,1.1685,0.0033,1
3,Juno,1.15,1.175,0.0033,1
3,Juno,1.155,1.1782,0.0033,1
3,Juno,1.16,1.1803,0.0032,1
3,Juno,1.165,1.1829,0.0032,1
3,Juno,1.17,1.1846,0.0032,1
3,Juno,1.175,1.1895,0.0032,1
3,Juno,1.18,1.1925,0.0032,1
3,Juno,1.185,1.197,0.0032,1
3,Juno,1.19,1.1971,0.0032,1
3,Juno,1.195,1.2011,0.0032,1
3,Juno,1.2,1.2038,0.0032,1
3,Juno,1.205,1.2052,0.0032,1
3,Juno,1.21,1.2085,0.0032,1
3,Juno,1.215,1.2108,0.0032,1
3,Juno,1.22,1.2118,0.0032,1
3,Juno,1.225,1.2135,0.0032,1
3,Juno,1.23,1.2121,0.0032,1
3,Juno,1.235,1.2181,0.0032,1
3,Juno,1.24,1.2197,0.0033,1
3,Juno,1.245,1.2268,0.0033,1
3,Juno,1.25,1.2255,0.0032,1
3,Juno,1.255,1.2316,0.0032,1
3,Juno,1.26,1.2348,0.0033,1
3,Juno,1.265,1.2373,0.0033,1
3,Juno,1.27,1.2386,0.0033,1
3,Juno,1.275,1.2415,0.0033,1
3,Juno,1.28,1.2405,0.0033,1
3,Juno,1.285,1.2459,0.0033,1
3,Juno,1.29,1.2477,0.0033,1
3,Juno,1.295,1.2507,0.0033,1
3,Juno,1.3,1.254,0.0033,1
3,Juno,1.305,1.2492,0.0033,1
3,Juno,1.31,1.2583,0.0033,1
3,Juno,1.315,1.2634,0.0033,1
3,Juno,1.32,1.2678,0.0033,1
3,Juno,1.325,1.2683,0.0033,1
3,Juno,1.33,1.2695,0.0034,1
3,Juno,1.335,1.2773,0.0034,1
3,Juno,1.34,1.2823,0.0035,1
3,Juno,1.345,1.2914,0.0039,1
3,Juno,1.35,1.3007,0.0048,1
3,Juno,1.355,1.2819,0.0049,1
3,Juno,1.365,1.2906,0.0047,1
3,Juno,1.37,1.2947,0.0047,1
3,Juno,1.38,1.2942,0.0045,1
3,Juno,1.385,1.3015,0.0045,1
3,Juno,1.39,1.299,0.0045,1
3,Juno,1.4,1.3059,0.0043,1
3,Juno,1.41,1.3118,0.0042,1
3,Juno,1.415,1.3165,0.0041,1
3,Juno,1.42,1.3225,0.004,1
3,Juno,1.425,1.3278,0.004,1
3,Juno,1.43,1.3304,0.004,1
3,Juno,1.44,1.3296,0.004,1
3,Juno,1.445,1.3372,0.0039,1
3,Juno,1.45,1.3388,0.0039,1
3,Juno,1.455,1.336,0.0039,1
3,Juno,1.46,1.3386,0.0039,1
3,Juno,1.475,1.3462,0.0039,1
3,Juno,1.48,1.3492,0.0039,1
3,Juno,1.485,1.3551,0.0039,1
3,Juno,1.49,1.3519,0.0039,1
3,Juno,1.495,1.3519,0.0039,1
3,Juno,1.5,1.3521,0.0038,1
3,Juno,1.505,1.3522,0.0039,1
3,Juno,1.51,1.3561,0.0039,1
3,Juno,1.515,1.3554,0.0039,1
3,Juno,1.52,1.3587,0.0039,1
3,Juno,1.525,1.3577,0.0039,1
3,Juno,1.53,1.3575,0.0039,1
3,Juno,1.535,1.3591,0.0039,1
3,Juno,1.54,1.3555,0.0039,1
3,Juno,1.545,1.3616,0.004,1
3,Juno,1.55,1.3634,0.004,1
3,Juno,1.555,1.365,0.004,1
3,Juno,1.56,1.3669,0.004,1
3,Juno,1.565,1.3688,0.0041,1
3,Juno,1.57,1.3699,0.0041,1
3,Juno,1.575,1.3691,0.0042,1
3,Juno,1.58,1.3717,0.0042,1
3,Juno,1.585,1.3731,0.0042,1
3,Juno,1.59,1.3774,0.0042,1
3,Juno,1.595,1.3729,0.0042,1
3,Juno,1.6,1.3717,0.0042,1
3,Juno,1.605,1.3663,0.0043,1
3,Juno,1.61,1.3688,0.0043,1
3,Juno,1.615,1.3653,0.0042,1
3,Juno,1.62,1.3642,0.0042,1
3,Juno,1.625,1.3613,0.0042,1
3,Juno,1.63,1.3591,0.0042,1
3,Juno,1.635,1.3593,0.0043,1
3,Juno,1.64,1.3589,0.0043,1
3,Juno,1.645,1.3608,0.0043,1
3,Juno,1.65,1.359,0.0043,1
3,Juno,1.655,1.3544,0.0043,1
3,Juno,1.66,1.3543,0.0044,1
3,Juno,1.665,1.3499,0.0044,1
3,Juno,1.67,1.3438,0.0043,1
3,Juno,1.675,1.3443,0.0044,1
3,Juno,1.68,1.3494,0.0044,1
3,Juno,1.685,1.3465,0.0045,1
3,Juno,1.69,1.3461,0.0044,1
3,Juno,1.695,1.344,0.0044,1
3,Juno,1.7,1.3378,0.0044,1
3,Juno,1.705,1.3398,0.0045,1
3,Juno,1.71,1.3309,0.0044,1
3,Juno,1.715,1.336,0.0045,1
3,Juno,1.72,1.3331,0.0045,1
3,Juno,1.725,1.3337,0.0045,1
3,Juno,1.73,1.336,0.0046,1
3,Juno,1.735,1.3335,0.0046,1
3,Juno,1.74,1.3286,0.0046,1
3,Juno,1.745,1.3344,0.0047,1
3,Juno,1.75,1.3307,0.0047,1
3,Juno,1.755,1.3313,0.0047,1
3,Juno,1.76,1.3319,0.0047,1
3,Juno,1.765,1.3242,0.0047,1
3,Juno,1.77,1.3214,0.0048,1
3,Juno,1.775,1.3231,0.0049,1
3,Juno,1.78,1.3192,0.0049,1
3,Juno,1.785,1.3241,0.0049,1
3,Juno,1.79,1.3209,0.0049,1
3,Juno,1.795,1.3254,0.005,1
3,Juno,1.8,1.3228,0.0051,1
3,Juno,1.805,1.3331,0.0053,1
3,Juno,1.81,1.3293,0.0055,1
3,Juno,1.815,1.333,0.0057,1
3,Juno,1.82,1.329,0.0058,1
3,Juno,1.825,1.3249,0.006,1
3,Juno,1.83,1.3305,0.0063,1
3,Juno,1.85,1.3024,0.0072,1
3,Juno,1.855,1.3046,0.0071,1
3,Juno,1.86,1.3153,0.0069,1
3,Juno,1.865,1.3294,0.0071,1
3,Juno,1.87,1.3084,0.0075,1
3,Juno,1.88,1.3069,0.0074,1
3,Juno,1.885,1.3205,0.0069,1
3,Juno,1.89,1.3195,0.0064,1
3,Juno,1.905,1.3246,0.0071,1
3,Juno,1.91,1.3258,0.0072,1
3,Juno,1.92,1.3155,0.0068,1
3,Juno,1.925,1.3192,0.0066,1
3,Juno,1.93,1.3145,0.0064,1
3,Juno,1.935,1.3126,0.0063,1
3,Juno,1.94,1.3157,0.0062,1
3,Juno,1.945,1.3107,0.0063,1
3,Juno,1.95,1.3162,0.0066,1
3,Juno,1.955,1.3121,0.0068,1
3,Juno,1.96,1.3095,0.0069,1
3,Juno,1.965,1.308,0.0068,1
3,Juno,1.97,1.3075,0.0065,1
3,Juno,1.975,1.3135,0.0062,1
3,Juno,1.98,1.3106,0.006,1
3,Juno,1.985,1.3115,0.0059,1
3,Juno,1.99,1.3086,0.0059,1
3,Juno,1.995,1.3013,0.0062,1
3,Juno,2.0,1.3203,0.0077,1
3,Juno,2.005,1.3245,0.009,1
3,Juno,2.015,1.3088,0.0083,1
3,Juno,2.02,1.3094,0.0075,1
3,Juno,2.025,1.3111,0.0069,1
3,Juno,2.03,1.3172,0.0064,1
3,Juno,2.035,1.3185,0.0062,1
3,Juno,2.04,1.3165,0.0062,1
3,Juno,2.045,1.3091,0.0064,1
3,Juno,2.05,1.3156,0.0067,1
3,Juno,2.055,1.315,0.0069,1
3,Juno,2.06,1.3203,0.0071,1
3,Juno,2.065,1.3216,0.0071,1
3,Juno,2.07,1.3191,0.0069,1
3,Juno,2.075,1.3278,0.0068,1
3,Juno,2.08,1.3267,0.0066,1
3,Juno,2.085,1.3266,0.0065,1
3,Juno,2.09,1.3313,0.0065,1
3,Juno,2.095,1.3314,0.0065,1
3,Juno,2.1,1.3398,0.0066,1
3,Juno,2.105,1.337,0.0066,1
3,Juno,2.11,1.343,0.0067,1
3,Juno,2.12,1.3496,0.0068,1
3,Juno,2.125,1.3428,0.0068,1
3,Juno,2.13,1.3434,0.0068,1
3,Juno,2.135,1.3468,0.0068,1
3,Juno,2.14,1.3488,0.0069,1
3,Juno,2.145,1.3509,0.0069,1
3,Juno,2.15,1.3505,0.0072,1
3,Juno,2.155,1.3504,0.007,1
3,Juno,2.16,1.3514,0.0071,1
3,Juno,2.165,1.3538,0.0072,1
3,Juno,2.17,1.3581,0.0072,1
3,Juno,2.175,1.3539,0.0072,1
3,Juno,2.18,1.3613,0.0072,1
3,Juno,2.185,1.3565,0.0072,1
3,Juno,2.19,1.3556,0.0073,1
3,Juno,2.195,1.3562,0.0074,1
3,Juno,2.2,1.3631,0.0075,1
3,Juno,2.205,1.3616,0.0075,1
3,Juno,2.21,1.3537,0.0081,1
3,Juno,2.215,1.3533,0.0075,1
3,Juno,2.22,1.3566,0.0075,1
3,Juno,2.225,1.3664,0.0076,1
3,Juno,2.23,1.3636,0.0076,1
3,Juno,2.235,1.3594,0.0077,1
3,Juno,2.24,1.3583,0.0078,1
3,Juno,2.245,1.3633,0.0078,1
3,Juno,2.25,1.3651,0.0079,1
3,Juno,2.255,1.3711,0.008,1
3,Juno,2.26,1.3734,0.0081,1
3,Juno,2.265,1.3586,0.0081,1
3,Juno,2.27,1.3683,0.0082,1
3,Juno,2.275,1.3773,0.0083,1
3,Juno,2.28,1.3774,0.0083,1
3,Juno,2.285,1.374,0.0084,1
3,Juno,2.29,1.3675,0.0085,1
3,Juno,2.295,1.3784,0.0086,1
3,Juno,2.3,1.3716,0.0085,1
3,Juno,2.305,1.3698,0.0085,1
3,Juno,2.31,1.3765,0.0087,1
3,Juno,2.315,1.3808,0.0088,1
3,Juno,2.32,1.3845,0.0088,1
3,Juno,2.325,1.3795,0.0088,1
3,Juno,2.33,1.3764,0.0089,1
3,Juno,2.335,1.3719,0.009,1
3,Juno,2.34,1.3751,0.0091,1
3,Juno,2.345,1.3823,0.0092,1
3,Juno,2.35,1.3849,0.0092,1
3,Juno,2.355,1.3806,0.0092,1
3,Juno,2.36,1.3745,0.0094,1
3,Juno,2.37,1.3797,0.0095,1
3,Juno,2.375,1.3953,0.0095,1
3,Juno,2.38,1.3975,0.0096,1
3,Juno,2.385,1.3977,0.0096,1
3,Juno,2.39,1.3936,0.0095,1
3,Juno,2.395,1.4028,0.0096,1
3,Juno,2.4,1.4007,0.0096,1
3,Juno,2.405,1.4064,0.0098,1
3,Juno,2.41,1.4078,0.0099,1
3,Juno,2.415,1.4129,0.01,1
3,Juno,2.42,1.4079,0.0099,1
3,Juno,2.425,1.4079,0.01,1
3,Juno,2.43,1.4123,0.0102,1
3,Juno,2.435,1.4169,0.0103,1
3,Juno,2.44,1.4095,0.0103,1
3,Juno,2.445,1.4158,0.0105,1
3,Juno,2.45,1.4178,0.0105,1
4,Vesta,0.45,0.8919,0.0192,1
4,Vesta,0.453,0.9172,0.0175,1
4,Vesta,0.455,0.9182,0.0161,1
4,Vesta,0.458,0.8992,0.015,1
4,Vesta,0.46,0.9089,0.0136,1
4,Vesta,0.463,0.9126,0.0125,1
4,Vesta,0.465,0.9256,0.0116,1
4,Vesta,0.468,0.9376,0.0108,1
4,Vesta,0.47,0.931,0.0099,1
4,Vesta,0.473,0.9309,0.009,1
4,Vesta,0.475,0.9432,0.0083,1
4,Vesta,0.478,0.935,0.0075,1
4,Vesta,0.48,0.9507,0.0071,1
4,Vesta,0.483,0.9336,0.0065,1
4,Vesta,0.485,0.9428,0.0062,1
4,Vesta,0.488,0.9509,0.0059,1
4,Vesta,0.49,0.9627,0.0058,1
4,Vesta,0.493,0.9486,0.0057,1
4,Vesta,0.495,0.9472,0.0052,1
4,Vesta,0.498,0.9638,0.005,1
4,Vesta,0.5,0.9607,0.0047,1
4,Vesta,0.503,0.9539,0.0044,1
4,Vesta,0.505,0.9639,0.0044,1
4,Vesta,0.508,0.9697,0.0043,1
4,Vesta,0.51,0.9661,0.0047,1
4,Vesta,0.52,0.9783,0.0038,1
4,Vesta,0.523,0.9842,0.0038,1
4,Vesta,0.525,0.9959,0.0043,1
4,Vesta,0.528,0.9907,0.004,1
4,Vesta,0.53,0.9895,0.0038,1
4,Vesta,0.533,0.9973,0.0036,1
4,Vesta,0.535,0.9936,0.0032,1
4,Vesta,0.538,0.9929,0.003,1
4,Vesta,0.54,0.9955,0.0028,1
4,Vesta,0.543,0.9996,0.0028,1
4,Vesta,0.545,0.9993,0.0027,1
4,Vesta,0.548,1.0012,0.0026,1
4,Vesta,0.55,1.0003,0.0026,1
4,Vesta,0.553,1.0017,0.0025,1
4,Vesta,0.555,0.999,0.0025,1
4,Vesta,0.558,1.0033,0.0024,1
4,Vesta,0.56,1.0034,0.0024,1
4,Vesta,0.563,1.0075,0.0023,1
4,Vesta,0.565,1.0104,0.0023,1
4,Vesta,0.568,1.01,0.0022,1
4,Vesta,0.57,1.0106,0.0022,1
4,Vesta,0.573,1.0143,0.0021,1
4,Vesta,0.575,1.0178,0.0021,1
4,Vesta,0.578,1.0171,0.0021,1
4,Vesta,0.58,1.0166,0.0021,1
4,Vesta,0.583,1.0166,0.0021,1
4,Vesta,0.585,1.0165,0.0021,1
4,Vesta,0.588,1.0158,0.0021,1
4,Vesta,0.59,1.0157,0.002,1
4,Vesta,0.593,1.0207,0.002,1
4,Vesta,0.595,1.0209,0.002,1
4,Vesta,0.598,1.0185,0.0021,1
4,Vesta,0.6,1.0244,0.002,1
4,Vesta,0.603,1.0229,0.002,1
4,Vesta,0.605,1.0265,0.002,1
4,Vesta,0.608,1.0278,0.0019,1
4,Vesta,0.61,1.0291,0.0019,1
4,Vesta,0.613,1.0266,0.0019,1
4,Vesta,0.615,1.0279,0.0018,1
4,Vesta,0.618,1.032,0.0018,1
4,Vesta,0.62,1.0363,0.0018,1
4,Vesta,0.623,1.0339,0.0018,1
4,Vesta,0.625,1.0361,0.0017,1
4,Vesta,0.628,1.0378,0.0017,1
4,Vesta,0.63,1.037,0.0017,1
4,Vesta,0.633,1.0409,0.0017,1
4,Vesta,0.635,1.0409,0.0017,1
4,Vesta,0.638,1.0418,0.0017,1
4,Vesta,0.64,1.0425,0.0017,1
4,Vesta,0.643,1.0473,0.0017,1
4,Vesta,0.645,1.0468,0.0017,1
4,Vesta,0.648,1.0476,0.0017,1
4,Vesta,0.65,1.0502,0.0016,1
4,Vesta,0.653,1.0506,0.0016,1
4,Vesta,0.655,1.0529,0.0016,1
4,Vesta,0.658,1.052,0.0016,1
4,Vesta,0.66,1.0523,0.0016,1
4,Vesta,0.663,1.0514,0.0016,1
4,Vesta,0.665,1.056,0.0016,1
4,Vesta,0.668,1.0584,0.0015,1
4,Vesta,0.67,1.0585,0.0015,1
4,Vesta,0.673,1.0623,0.0015,1
4,Vesta,0.675,1.0641,0.0015,1
4,Vesta,0.678,1.0623,0.0015,1
4,Vesta,0.68,1.0679,0.0015,1
4,Vesta,0.683,1.0634,0.0015,1
4,Vesta,0.685,1.0675,0.0015,1
4,Vesta,0.688,1.0712,0.0015,1
4,Vesta,0.69,1.0715,0.0015,1
4,Vesta,0.693,1.0764,0.0025,1
4,Vesta,0.695,1.068,0.0016,1
4,Vesta,0.698,1.0717,0.0016,1
4,Vesta,0.7,1.0741,0.0016,1
4,Vesta,0.703,1.0763,0.0016,1
4,Vesta,0.705,1.0781,0.0016,1
4,Vesta,0.708,1.0799,0.0016,1
4,Vesta,0.71,1.0837,0.0016,1
4,Vesta,0.713,1.082,0.0016,1
4,Vesta,0.715,1.0846,0.0016,1
4,Vesta,0.718,1.0879,0.0016,1
4,Vesta,0.72,1.0849,0.0016,1
4,Vesta,0.723,1.0778,0.0017,1
4,Vesta,0.725,1.085,0.0017,1
4,Vesta,0.728,1.0842,0.0017,1
4,Vesta,0.73,1.0848,0.0017,1
4,Vesta,0.733,1.0859,0.0017,1
4,Vesta,0.735,1.09,0.0016,1
4,Vesta,0.738,1.0914,0.0016,1
4,Vesta,0.74,1.0963,0.0016,1
4,Vesta,0.743,1.0956,0.0016,1
4,Vesta,0.745,1.0956,0.0016,1
4,Vesta,0.748,1.0939,0.0016,1
4,Vesta,0.75,1.0908,0.0016,1
4,Vesta,0.753,1.0907,0.0016,1
4,Vesta,0.755,1.0897,0.0016,1
4,Vesta,0.758,1.0893,0.0016,1
4,Vesta,0.768,1.0798,0.0031,1
4,Vesta,0.77,1.0817,0.0023,1
4,Vesta,0.773,1.0761,0.0017,1
4,Vesta,0.775,1.0683,0.0017,1
4,Vesta,0.778,1.0661,0.0017,1
4,Vesta,0.78,1.0602,0.0017,1
4,Vesta,0.783,1.0539,0.0017,1
4,Vesta,0.785,1.0516,0.0017,1
4,Vesta,0.788,1.0476,0.0018,1
4,Vesta,0.79,1.0351,0.0018,1
4,Vesta,0.793,1.0343,0.0018,1
4,Vesta,0.795,1.0332,0.0018,1
4,Vesta,0.798,1.0196,0.0018,1
4,Vesta,0.8,1.0118,0.0018,1
4,Vesta,0.803,1.0108,0.0018,1
4,Vesta,0.805,1.0045,0.0018,1
4,Vesta,0.808,0.996,0.0018,1
4,Vesta,0.81,0.9875,0.0019,1
4,Vesta,0.813,0.9786,0.0019,1
4,Vesta,0.815,0.9638,0.0019,1
4,Vesta,0.818,0.9528,0.0019,1
4,Vesta,0.82,0.9632,0.0019,1
4,Vesta,0.825,0.9447,0.0016,1
4,Vesta,0.83,0.9302,0.0016,1
4,Vesta,0.835,0.9138,0.0016,1
4,Vesta,0.84,0.8975,0.0016,1
4,Vesta,0.845,0.8821,0.0015,1
4,Vesta,0.85,0.8658,0.0015,1
4,Vesta,0.855,0.8529,0.0015,1
4,Vesta,0.86,0.8387,0.0015,1
4,Vesta,0.865,0.8256,0.0014,1
4,Vesta,0.87,0.8143,0.0014,1
4,Vesta,0.875,0.8015,0.0014,1
4,Vesta,0.88,0.7908,0.0013,1
4,Vesta,0.885,0.7812,0.0013,1
4,Vesta,0.89,0.7711,0.0012,1
4,Vesta,0.895,0.764,0.0012,1
4,Vesta,0.9,0.7571,0.0012,1
4,Vesta,0.905,0.7504,0.0012,1
4,Vesta,0.91,0.7436,0.0012,1
4,Vesta,0.915,0.7401,0.0012,1
4,Vesta,0.92,0.7348,0.0011,1
4,Vesta,1.115,1.114,0.0048,1
4,Vesta,1.125,1.122,0.0071,1
4,Vesta,1.335,1.2149,0.0064,1
4,Vesta,1.355,1.237,0.0099,1
4,Vesta,1.36,1.2224,0.0211,1
4,Vesta,1.365,1.2451,0.0111,1
4,Vesta,1.38,1.2287,0.0151,1
4,Vesta,1.39,1.243,0.0148,1
4,Vesta,1.405,1.2389,0.0114,1
4,Vesta,1.41,1.239,0.0093,1
4,Vesta,1.495,1.245,0.0053,1
4,Vesta,1.505,1.229,0.0061,1
4,Vesta,1.805,1.0314,0.0068,1
4,Vesta,1.835,1.002,0.0229,1
4,Vesta,1.84,1.0125,0.0168,1
4,Vesta,1.85,0.9678,0.0222,1
4,Vesta,1.855,0.9849,0.0216,1
4,Vesta,1.86,0.9942,0.0212,1
4,Vesta,1.865,1.0049,0.016,1
4,Vesta,1.87,0.97,0.0273,1
4,Vesta,1.88,0.9684,0.021,1
4,Vesta,1.9,0.9697,0.0211,1
4,Vesta,1.905,0.9668,0.0219,1
4,Vesta,2.015,0.9718,0.0107,1
4,Vesta,2.35,1.187,0.0132,1
4,Vesta,2.355,1.225,0.0111,1
4,Vesta,2.375,1.2372,0.0117,1
4,Vesta,2.38,1.2007,0.0141,1
4,Vesta,2.39,1.2502,0.0121,1
4,Vesta,2.42,1.2613,0.0126,1
4,Vesta,2.44,1.2494,0.016,1
4,Vesta,2.445,1.2511,0.0165,1
4,Vesta,2.45,1.2527,0.0171,1
4,Vesta,0.78,1.0566,0.0076,2
4,Vesta,0.785,1.0456,0.0073,2
4,Vesta,0.79,1.0379,0.0072,2
4,Vesta,0.795,1.0291,0.0071,2
4,Vesta,0.8,1.0191,0.0069,2
4,Vesta,0.805,1.0084,0.0067,2
4,Vesta,0.81,0.9941,0.0067,2
4,Vesta,0.815,0.9823,0.0067,2
4,Vesta,0.82,0.9628,0.0065,2
4,Vesta,0.825,0.9433,0.0063,2
4,Vesta,0.83,0.9303,0.0062,2
4,Vesta,0.835,0.9128,0.006,2
4,Vesta,0.84,0.8977,0.0059,2
4,Vesta,0.845,0.8868,0.0058,2
4,Vesta,0.85,0.8654,0.0057,2
4,Vesta,0.855,0.8473,0.0056,2
4,Vesta,0.86,0.8355,0.0056,2
4,Vesta,0.865,0.8182,0.0054,2
4,Vesta,0.87,0.8038,0.0052,2
4,Vesta,0.875,0.7962,0.0052,2
4,Vesta,0.88,0.7844,0.0051,2
4,Vesta,0.885,0.7721,0.005,2
4,Vesta,0.89,0.7678,0.0049,2
4,Vesta,0.895,0.7599,0.0049,2
4,Vesta,0.9,0.7525,0.0049,2
4,Vesta,0.905,0.7441,0.0048,2
4,Vesta,0.91,0.7425,0.0048,2
4,Vesta,0.915,0.7378,0.0049,2
4,Vesta,0.92,0.7371,0.0047,2
4,Vesta,0.925,0.7373,0.0048,2
4,Vesta,0.93,0.7376,0.005,2
4,Vesta,0.935,0.7358,0.0052,2
4,Vesta,0.94,0.7358,0.0054,2
4,Vesta,0.945,0.7399,0.0051,2
4,Vesta,0.95,0.7475,0.005,2
4,Vesta,0.955,0.7503,0.005,2
4,Vesta,0.96,0.7611,0.0051,2
4,Vesta,0.965,0.7698,0.005,2
4,Vesta,0.97,0.7822,0.0046,2
4,Vesta,0.975,0.7909,0.0046,2
4,Vesta,0.98,0.8059,0.0046,2
4,Vesta,0.985,0.8149,0.0045,2
4,Vesta,0.99,0.8335,0.0045,2
4,Vesta,0.995,0.845,0.0045,2
4,Vesta,1.0,0.8611,0.0046,2
4,Vesta,1.005,0.874,0.0046,2
4,Vesta,1.01,0.8913,0.0047,2
4,Vesta,1.015,0.9058,0.0047,2
4,Vesta,1.02,0.9223,0.0047,2
4,Vesta,1.025,0.9348,0.0047,2
4,Vesta,1.03,0.9546,0.0049,2
4,Vesta,1.035,0.9632,0.005,2
4,Vesta,1.04,0.9711,0.0048,2
4,Vesta,1.045,0.9909,0.0049,2
4,Vesta,1.05,1.0015,0.0049,2
4,Vesta,1.055,1.0127,0.0049,2
4,Vesta,1.06,1.0302,0.0049,2
4,Vesta,1.065,1.0386,0.005,2
4,Vesta,1.07,1.0485,0.005,2
4,Vesta,1.075,1.0624,0.005,2
4,Vesta,1.08,1.068,0.005,2
4,Vesta,1.085,1.0819,0.0051,2
4,Vesta,1.09,1.0858,0.0051,2
4,Vesta,1.095,1.0953,0.0051,2
4,Vesta,1.1,1.1013,0.0051,2
4,Vesta,1.105,1.1072,0.0052,2
4,Vesta,1.11,1.1157,0.0055,2
4,Vesta,1.12,1.1187,0.0061,2
4,Vesta,1.13,1.1252,0.0061,2
4,Vesta,1.135,1.1365,0.006,2
4,Vesta,1.14,1.1395,0.0059,2
4,Vesta,1.145,1.1499,0.0059,2
4,Vesta,1.15,1.1544,0.0061,2
4,Vesta,1.155,1.1457,0.0056,2
4,Vesta,1.16,1.1459,0.0053,2
4,Vesta,1.165,1.1502,0.0051,2
4,Vesta,1.17,1.1523,0.0051,2
4,Vesta,1.175,1.1556,0.005,2
4,Vesta,1.18,1.1514,0.005,2
4,Vesta,1.185,1.1546,0.005,2
4,Vesta,1.19,1.151,0.005,2
4,Vesta,1.195,1.1583,0.005,2
4,Vesta,1.2,1.162,0.005,2
4,Vesta,1.205,1.161,0.005,2
4,Vesta,1.21,1.1676,0.005,2
4,Vesta,1.215,1.1623,0.0049,2
4,Vesta,1.22,1.1704,0.0049,2
4,Vesta,1.225,1.1683,0.0049,2
4,Vesta,1.23,1.1719,0.0048,2
4,Vesta,1.235,1.1764,0.0048,2
4,Vesta,1.24,1.1698,0.0048,2
4,Vesta,1.245,1.1829,0.0049,2
4,Vesta,1.25,1.182,0.0048,2
4,Vesta,1.255,1.1886,0.0049,2
4,Vesta,1.26,1.1887,0.0055,2
4,Vesta,1.265,1.1994,0.0054,2
4,Vesta,1.27,1.2038,0.005,2
4,Vesta,1.275,1.1979,0.005,2
4,Vesta,1.28,1.2039,0.005,2
4,Vesta,1.285,1.2063,0.005,2
4,Vesta,1.29,1.2052,0.0049,2
4,Vesta,1.295,1.2062,0.0049,2
4,Vesta,1.3,1.2063,0.0049,2
4,Vesta,1.305,1.2124,0.0051,2
4,Vesta,1.31,1.2092,0.0052,2
4,Vesta,1.315,1.2128,0.0052,2
4,Vesta,1.32,1.2191,0.0053,2
4,Vesta,1.325,1.2188,0.0054,2
4,Vesta,1.33,1.2226,0.0055,2
4,Vesta,1.415,1.2425,0.0091,2
4,Vesta,1.42,1.2399,0.0084,2
4,Vesta,1.425,1.2464,0.0079,2
4,Vesta,1.43,1.2509,0.0077,2
4,Vesta,1.435,1.2539,0.0075,2
4,Vesta,1.44,1.2563,0.0073,2
4,Vesta,1.445,1.2519,0.0071,2
4,Vesta,1.45,1.2535,0.0067,2
4,Vesta,1.455,1.2494,0.0065,2
4,Vesta,1.46,1.2473,0.0064,2
4,Vesta,1.465,1.2548,0.0065,2
4,Vesta,1.47,1.2499,0.0065,2
4,Vesta,1.475,1.2461,0.0065,2
4,Vesta,1.48,1.2505,0.0064,2
4,Vesta,1.485,1.2448,0.0061,2
4,Vesta,1.49,1.2442,0.0059,2
4,Vesta,1.5,1.2334,0.0058,2
4,Vesta,1.51,1.2347,0.0057,2
4,Vesta,1.515,1.2361,0.0056,2
4,Vesta,1.52,1.232,0.0055,2
4,Vesta,1.525,1.2322,0.0055,2
4,Vesta,1.53,1.2278,0.0055,2
4,Vesta,1.535,1.2229,0.0055,2
4,Vesta,1.54,1.2227,0.0055,2
4,Vesta,1.545,1.2178,0.0055,2
4,Vesta,1.55,1.2159,0.0055,2
4,Vesta,1.555,1.2156,0.0055,2
4,Vesta,1.56,1.2105,0.0055,2
4,Vesta,1.565,1.2107,0.0056,2
4,Vesta,1.57,1.2077,0.0057,2
4,Vesta,1.575,1.2047,0.0058,2
4,Vesta,1.58,1.2038,0.0058,2
4,Vesta,1.585,1.1973,0.0057,2
4,Vesta,1.59,1.2003,0.0059,2
4,Vesta,1.595,1.1942,0.0058,2
4,Vesta,1.6,1.1881,0.0057,2
4,Vesta,1.605,1.1829,0.0057,2
4,Vesta,1.61,1.1779,0.0057,2
4,Vesta,1.615,1.1735,0.0057,2
4,Vesta,1.62,1.1688,0.0057,2
4,Vesta,1.625,1.1588,0.0056,2
4,Vesta,1.63,1.153,0.0056,2
4,Vesta,1.635,1.1494,0.0056,2
4,Vesta,1.64,1.1427,0.0056,2
4,Vesta,1.645,1.1443,0.0057,2
4,Vesta,1.65,1.1353,0.0057,2
4,Vesta,1.655,1.133,0.0056,2
4,Vesta,1.66,1.1273,0.0056,2
4,Vesta,1.665,1.1192,0.0057,2
4,Vesta,1.67,1.1124,0.0056,2
4,Vesta,1.675,1.1127,0.0057,2
4,Vesta,1.68,1.1048,0.0056,2
4,Vesta,1.685,1.1014,0.0056,2
4,Vesta,1.69,1.0927,0.0056,2
4,Vesta,1.695,1.0916,0.0056,2
4,Vesta,1.7,1.0842,0.0056,2
4,Vesta,1.705,1.084,0.0057,2
4,Vesta,1.71,1.0758,0.0057,2
4,Vesta,1.715,1.0733,0.0057,2
4,Vesta,1.72,1.0655,0.0057,2
4,Vesta,1.725,1.0633,0.0057,2
4,Vesta,1.73,1.0621,0.0058,2
4,Vesta,1.735,1.0577,0.0058,2
4,Vesta,1.74,1.0577,0.0059,2
4,Vesta,1.745,1.0592,0.0059,2
4,Vesta,1.75,1.05,0.0059,2
4,Vesta,1.755,1.0501,0.0059,2
4,Vesta,1.76,1.0468,0.006,2
4,Vesta,1.765,1.0393,0.006,2
4,Vesta,1.77,1.0397,0.0061,2
4,Vesta,1.775,1.0385,0.0062,2
4,Vesta,1.78,1.0324,0.0063,2
4,Vesta,1.785,1.0334,0.0064,2
4,Vesta,1.79,1.0267,0.0066,2
4,Vesta,1.795,1.0238,0.0069,2
4,Vesta,1.8,1.025,0.0077,2
4,Vesta,1.81,1.0227,0.0091,2
4,Vesta,1.815,1.0193,0.01,2
4,Vesta,1.82,1.0184,0.011,2
4,Vesta,1.825,1.0108,0.0121,2
4,Vesta,1.83,1.0119,0.0154,2
4,Vesta,1.845,1.0055,0.0216,2
4,Vesta,1.885,0.974,0.0148,2
4,Vesta,1.89,0.9812,0.0139,2
4,Vesta,1.895,0.9838,0.0152,2
4,Vesta,1.91,0.9791,0.0177,2
4,Vesta,1.915,0.9733,0.0157,2
4,Vesta,1.92,0.9732,0.0138,2
4,Vesta,1.925,0.9648,0.0121,2
4,Vesta,1.93,0.9664,0.0112,2
4,Vesta,1.935,0.9682,0.0107,2
4,Vesta,1.94,0.9646,0.0101,2
4,Vesta,1.945,0.966,0.0098,2
4,Vesta,1.95,0.9687,0.0098,2
4,Vesta,1.955,0.9703,0.0099,2
4,Vesta,1.96,0.9723,0.0097,2
4,Vesta,1.965,0.9682,0.0092,2
4,Vesta,1.97,0.9642,0.0083,2
4,Vesta,1.975,0.9674,0.0077,2
4,Vesta,1.98,0.9647,0.0073,2
4,Vesta,1.985,0.9615,0.0071,2
4,Vesta,1.99,0.9621,0.0073,2
4,Vesta,1.995,0.9632,0.008,2
4,Vesta,2.0,0.9669,0.0097,2
4,Vesta,2.005,0.9805,0.0108,2
4,Vesta,2.01,0.9848,0.0114,2
4,Vesta,2.02,0.9878,0.0094,2
4,Vesta,2.025,0.9828,0.0083,2
4,Vesta,2.03,0.9823,0.0077,2
4,Vesta,2.035,0.9824,0.0074,2
4,Vesta,2.04,0.9826,0.0074,2
4,Vesta,2.045,0.9822,0.0077,2
4,Vesta,2.05,0.991,0.0082,2
4,Vesta,2.055,0.9961,0.0085,2
4,Vesta,2.06,0.9976,0.0087,2
4,Vesta,2.065,1.0027,0.0086,2
4,Vesta,2.07,1.0049,0.0086,2
4,Vesta,2.075,1.0084,0.0085,2
4,Vesta,2.08,1.0096,0.0081,2
4,Vesta,2.085,1.0105,0.0079,2
4,Vesta,2.09,1.0171,0.008,2
4,Vesta,2.095,1.0206,0.008,2
4,Vesta,2.1,1.0212,0.008,2
4,Vesta,2.105,1.0259,0.0081,2
4,Vesta,2.11,1.0313,0.0081,2
4,Vesta,2.115,1.0375,0.0082,2
4,Vesta,2.12,1.0381,0.0082,2
4,Vesta,2.125,1.0393,0.0082,2
4,Vesta,2.13,1.0432,0.0083,2
4,Vesta,2.135,1.046,0.0083,2
4,Vesta,2.14,1.0489,0.0084,2
4,Vesta,2.145,1.0565,0.0085,2
4,Vesta,2.15,1.0592,0.0085,2
4,Vesta,2.155,1.0625,0.0086,2
4,Vesta,2.16,1.0651,0.0087,2
4,Vesta,2.165,1.0702,0.0088,2
4,Vesta,2.17,1.0746,0.0088,2
4,Vesta,2.175,1.0773,0.0088,2
4,Vesta,2.18,1.0816,0.0088,2
4,Vesta,2.185,1.0853,0.0089,2
4,Vesta,2.19,1.0867,0.0089,2
4,Vesta,2.195,1.0912,0.0091,2
4,Vesta,2.2,1.0974,0.0094,2
4,Vesta,2.205,1.104,0.0094,2
4,Vesta,2.21,1.1042,0.0094,2
4,Vesta,2.215,1.1076,0.0093,2
4,Vesta,2.22,1.1115,0.0093,2
4,Vesta,2.225,1.1116,0.0094,2
4,Vesta,2.23,1.1205,0.0095,2
4,Vesta,2.235,1.1223,0.0096,2
4,Vesta,2.24,1.1252,0.0097,2
4,Vesta,2.245,1.1312,0.0098,2
4,Vesta,2.25,1.1348,0.0099,2
4,Vesta,2.255,1.1386,0.01,2
4,Vesta,2.26,1.1467,0.0102,2
4,Vesta,2.265,1.1511,0.0103,2
4,Vesta,2.27,1.1534,0.0104,2
4,Vesta,2.275,1.1537,0.0104,2
4,Vesta,2.28,1.1616,0.0106,2
4,Vesta,2.285,1.1638,0.0107,2
4,Vesta,2.29,1.1647,0.0107,2
4,Vesta,2.295,1.1639,0.0109,2
4,Vesta,2.3,1.1742,0.011,2
4,Vesta,2.305,1.177,0.011,2
4,Vesta,2.31,1.1737,0.0109,2
4,Vesta,2.315,1.1803,0.0112,2
4,Vesta,2.32,1.1852,0.0114,2
4,Vesta,2.325,1.1924,0.0115,2
4,Vesta,2.33,1.1901,0.0113,2
4,Vesta,2.335,1.1921,0.0115,2
4,Vesta,2.34,1.1994,0.0117,2
4,Vesta,2.345,1.2024,0.012,2
4,Vesta,2.36,1.2099,0.0121,2
4,Vesta,2.365,1.2071,0.0124,2
4,Vesta,2.37,1.2194,0.0129,2
4,Vesta,2.385,1.2299,0.0132,2
4,Vesta,2.395,1.2338,0.0131,2
4,Vesta,2.4,1.2312,0.013,2
4,Vesta,2.405,1.2341,0.0132,2
4,Vesta,2.41,1.236,0.0135,2
4,Vesta,2.415,1.2456,0.0138,2
4,Vesta,2.425,1.2477,0.0137,2
4,Vesta,2.435,1.2575,0.0142,2
