objname,filt,rapmode,midjd_targ,airmass,alpha,r,delta,nused,P,dP,thetaP,dthetaP,Pr,dPr,thetar,dthetar
Ceres,J,25,2459022.275285579,1.7622941172467401,18.910082352931987,2.977812562005483,2.4976192428099897,17,0.28461723488138774,0.032303402841524415,-69.90457853463202,3.251469728285408,0.2845691231826322,0.032303402841524415,180.52675479875876,3.251469728285408
Ceres,H,25,2459022.274649795,1.7662352935312693,18.91014117645985,2.9778124654811933,2.497627243352707,17,0.34825962435232233,0.02992665967163711,-70.21573216345728,2.4617715839124923,0.34824976182919615,0.029926659671637112,180.2156011699335,2.4617715839124923
Ceres,K,25,2459022.2786341445,1.7439090909359158,18.909745454545547,2.9778130703354546,2.497577129608463,11,0.45596186522715154,0.08211551821859822,-78.18670075284841,5.1592830291974305,0.4393595125990053,0.08211551821859822,172.245481065357,5.1592830291974305
Ceres,J,30,2459022.275285579,1.7622941172467401,18.910082352931987,2.977812562005483,2.4976192428099897,17,0.3061227905437694,0.034631279405891426,-70.47942352233555,3.240899094071533,0.3061223592300632,0.034631279405891426,179.95190981105523,3.240899094071533
Ceres,H,30,2459022.2744203936,1.7670555550017544,18.91016666665652,2.9778124306660714,2.497630123604871,18,0.3438542845610716,0.032234788599602354,-71.14944087970912,2.685610479757752,0.343746261765658,0.032234788599602354,179.28189245368165,2.685610479757752
Ceres,K,30,2459022.279445503,1.7402000000295075,18.909660000000102,2.9778131934881,2.4975669337801443,10,0.4731765113210967,0.09581565712959075,-76.38265201026798,5.80104108451057,0.4630062689308684,0.09581565712959077,174.04964798975794,5.80104108451057
Ceres,J,35,2459022.275285579,1.7622941172467401,18.910082352931987,2.977812562005483,2.4976192428099897,17,0.3044014970138479,0.037953494777123155,-70.2635491807471,3.5718862913509977,0.3043962762728148,0.03795349477712316,180.16778415264366,3.5718862913509977
Ceres,H,35,2459022.2744203936,1.7670555550017544,18.91016666665652,2.9778124306660714,2.497630123604871,18,0.3416949205139622,0.03374565406985566,-72.30878031906624,2.829254166557319,0.3409614153486007,0.03374565406985566,178.12255301432455,2.829254166557319
Ceres,K,35,2459022.281038527,1.7322222222550083,18.90950000000011,2.9778134353024446,2.497546906900242,9,0.45952494321201665,0.13047230720209507,-81.28322250550403,8.133957314440398,0.4269556364395825,0.13047230720209507,169.1493330500804,8.133957314440398
Ceres,J,40,2459022.275285579,1.7622941172467401,18.910082352931987,2.977812562005483,2.4976192428099897,17,0.2952826408948111,0.04654801992684463,-69.49977518500772,4.516020783370606,0.2951265403867117,0.04654801992684463,180.93155814838306,4.516020783370606
Ceres,H,40,2459022.2744203936,1.7670555550017544,18.91016666665652,2.9778124306660714,2.497630123604871,18,0.3398213304761969,0.03568093088061424,-72.99299494927521,3.008002390097763,0.3384636752556698,0.03568093088061424,177.43833838411555,3.008002390097763
Ceres,K,40,2459022.281038527,1.7322222222550083,18.90950000000011,2.9778134353024446,2.497546906900242,9,0.4795358993075285,0.13708240301998234,-81.73109412552246,8.189421427987227,0.4427218420845344,0.13708240301998234,168.70146143006198,8.189421427987227
Ceres,J,max,2459022.275285579,1.7622941172467401,18.910082352931987,2.977812562005483,2.4976192428099897,17,0.2904434496742334,0.03247180431502875,-69.81532124171329,3.2028564295607453,0.2903763055432594,0.03247180431502875,180.6160120916775,3.2028564295607453
Ceres,H,max,2459022.274649795,1.7662352935312693,18.91014117645985,2.9778124654811933,2.497627243352707,17,0.35639917493497975,0.031026124836942903,-70.57629210869891,2.4939255374639395,0.35639461236523184,0.031026124836942903,179.85504122469186,2.49392553746394
Ceres,K,max,2459022.2776517165,1.7495833328219625,18.90984999998715,2.9778129211909348,2.4975894887035204,12,0.5445203383670775,0.055069196468602075,-70.59803600385723,2.8972586664895146,0.5445112099184796,0.05506919646860208,179.83411784235594,2.8972586664895146
Ceres,J,maxoe,2459022.275285579,1.7622941172467401,18.910082352931987,2.977812562005483,2.4976192428099897,17,0.290232430072212,0.03265370666830811,-69.87698421633738,3.2231401175374312,0.290178094550947,0.03265370666830811,180.55434911705342,3.2231401175374312
Ceres,H,maxoe,2459022.2744203936,1.7670555550017544,18.91016666665652,2.9778124306660714,2.497630123604871,18,0.3452150636500893,0.03254269553287187,-70.8151247950601,2.7005761108714488,0.34518408527807937,0.03254269553287187,179.61620853833068,2.7005761108714488
Ceres,K,maxoe,2459022.276954455,1.7542142851738771,18.90991428570503,2.977812815327016,2.4975982660060794,14,0.47390518270169146,0.05581737097476726,-73.95862015015345,3.3741979378006612,0.4703186055187909,0.05581737097476726,176.4732369927596,3.3741979378006612
Ceres,J,min,2459022.275285579,1.7622941172467401,18.910082352931987,2.977812562005483,2.4976192428099897,17,0.2888033885139714,0.03174299869114271,-68.85619088184356,3.1487508914802578,0.2883669558218829,0.03174299869114271,181.5751424515472,3.148750891480258
Ceres,H,min,2459022.274649795,1.7662352935312693,18.91014117645985,2.9778124654811933,2.497627243352707,17,0.3559017576742968,0.029195445453402916,-69.82073876025362,2.3500527454759506,0.35582092176966024,0.029195445453402916,180.61059457313715,2.3500527454759506
Ceres,K,min,2459022.2764076632,1.75623076851718,18.909976923061038,2.9778127323414836,2.4976051321937436,13,0.5349218516008695,0.05031971151063756,-70.82837672880522,2.694886259784563,0.5348706314390319,0.05031971151063756,179.60355184267843,2.694886259784563
Ceres,J,minoe,2459022.275285579,1.7622941172467401,18.910082352931987,2.977812562005483,2.4976192428099897,17,0.28553514548509545,0.031816779531564955,-68.36420048962856,3.1921940498075267,0.2847921389441753,0.03181677953156496,182.0671328437622,3.1921940498075267
Ceres,H,minoe,2459022.274649795,1.7662352935312693,18.91014117645985,2.9778124654811933,2.497627243352707,17,0.3556637925623121,0.02912427481160746,-69.29155655139589,2.345892473426183,0.355382339025911,0.029124274811607467,181.1397767819949,2.345892473426183
Ceres,K,minoe,2459022.2764076632,1.75623076851718,18.909976923061038,2.9778127323414836,2.4976051321937436,13,0.5576958587539115,0.05081115025941877,-71.23709006997329,2.610082553396166,0.5574756069058285,0.05081115025941877,179.1948385015104,2.6100825533961665
Ceres,J,25,2459124.89900718,3.389684215191083,13.073257894712437,2.9798299341370114,2.163097733714731,19,1.1059007759566213,0.022285695083111377,39.787119767679044,0.5773014629966303,-1.1050661516415565,0.02228569508311138,91.1130697676079,0.5773014629966303
Ceres,H,25,2459124.8832738986,4.0272000109601915,13.069259999949134,2.979831712842621,2.162961117011625,5,1.1463150092843257,0.06721104943767504,36.866724351500324,1.6796907648570911,-1.1440083907048797,0.06721104943767504,88.18232435139859,1.6796907648570911
Ceres,K,25,2459124.8999702143,3.3500555604794764,13.073499999974239,2.979829825264012,2.1631060953208534,18,1.0306855350279427,0.045580078579163505,40.85850806696154,1.2668976344903868,-1.0276890168801076,0.045580078579163505,92.18503438267612,1.2668976344903868
Ceres,J,30,2459124.8991331793,3.3836470618235985,13.073288235281588,2.979829919894771,2.163098826762459,17,1.0584490919034029,0.02255971835675747,39.62524639188102,0.6105993470699563,-1.0578657069886648,0.02255971835675747,90.95119639180987,0.6105993470699563
Ceres,H,30,2459124.8832738986,4.0272000109601915,13.069259999949134,2.979831712842621,2.162961117011625,5,1.1344779410040835,0.0662649326300581,36.579476783350486,1.6733251622595442,-1.1314169792033264,0.0662649326300581,87.89507678324877,1.6733251622595444
Ceres,K,30,2459124.9004346654,3.326200004923841,13.07361333330378,2.9798297727653478,2.163110124494224,15,0.9341457328096568,0.04760246906724809,40.56336749614691,1.459847471417563,-0.9321113137574065,0.04760246906724809,91.89103416271797,1.459847471417563
Ceres,J,35,2459124.899771475,3.361000003537892,13.073449999981458,2.979829847726342,2.1631043720673184,18,1.0547722474227517,0.022596693197412993,38.94002360600154,0.6137320897128371,-1.0547267886833656,0.022596693197412993,90.26597360593038,0.6137320897128371
Ceres,H,35,2459124.8845889685,3.95150001370024,13.06959999993642,2.9798315642122764,2.1629725183026762,4,1.1245476344127632,0.03823637068341512,40.194574468467835,0.9740728613961562,-1.122985507691835,0.03823637068341512,91.5101744683661,0.9740728613961562
Ceres,K,35,2459124.8993702964,3.3800000046267282,13.073349999962538,2.9798298930635174,2.1631008965580305,6,0.7588289782227163,0.0936515032014996,32.652021490734015,3.5356029042732287,-0.7421333810164463,0.0936515032014996,83.97945006210485,3.5356029042732287
Ceres,J,40,2459124.8991331793,3.3836470618235985,13.073288235281588,2.979829919894771,2.163098826762459,17,1.045739813491472,0.023739030617925233,39.64163830249266,0.6503272834175432,-1.045143398836432,0.023739030617925233,90.9675883024215,0.6503272834175432
Ceres,H,40,2459124.8832738986,4.0272000109601915,13.069259999949134,2.979831712842621,2.162961117011625,5,1.0876647958003143,0.06498745662458241,36.212815465390946,1.7116978504109268,-1.0836193969917374,0.06498745662458241,87.52841546528921,1.7116978504109268
Ceres,J,max,2459124.8991331793,3.3836470618235985,13.073288235281588,2.979829919894771,2.163098826762459,17,1.0478405730881077,0.02280455486685493,39.500258781993736,0.6234749737236231,-1.047404831057613,0.02280455486685493,90.82620878192259,0.6234749737236231
Ceres,H,max,2459124.8832738986,4.0272000109601915,13.069259999949134,2.979831712842621,2.162961117011625,5,1.0862408682632183,0.06370021254366244,36.30118263990914,1.6799926422735894,-1.0824843310230865,0.06370021254366244,87.61678263980743,1.6799926422735894
Ceres,K,max,2459124.8999702143,3.3500555604794764,13.073499999974239,2.979829825264012,2.1631060953208534,18,1.0546502406936806,0.04946269463294233,40.827207035467666,1.343575119248994,-1.051671227045925,0.04946269463294234,92.15373335118225,1.343575119248994
Ceres,J,maxoe,2459124.8991331793,3.3836470618235985,13.073288235281588,2.979829919894771,2.163098826762459,17,1.0489604091306781,0.022815484390434383,39.62981110634244,0.6231078655303409,-1.0483766922517872,0.022815484390434383,90.95576110627128,0.6231078655303409
Ceres,H,maxoe,2459124.8832738986,4.0272000109601915,13.069259999949134,2.979831712842621,2.162961117011625,5,1.1106106822572752,0.06924529015555045,36.59394755432939,1.7861627573255945,-1.1076551585567034,0.06924529015555045,87.90954755422764,1.7861627573255947
Ceres,K,maxoe,2459124.897957502,3.436700004431529,13.072989999976816,2.9798300527983606,2.1630886226213653,20,1.0327188461402401,0.06021508663117416,38.86237962966605,1.6703821857591996,-1.032696530848252,0.06021508663117416,90.18832962959489,1.6703821857591996
Ceres,J,min,2459124.8991331793,3.3836470618235985,13.073288235281588,2.979829919894771,2.163098826762459,17,1.0541452493073438,0.022580092954253773,39.70050027655492,0.6136459980927292,-1.0534686764719499,0.022580092954253773,91.02645027648377,0.6136459980927292
Ceres,H,min,2459124.8845889685,3.95150001370024,13.06959999993642,2.9798315642122764,2.1629725183026762,4,1.1546818624376958,0.03712570273005775,40.004092617318804,0.9210961681683137,-1.1534569195303628,0.03712570273005775,91.31969261721706,0.9210961681683137
Ceres,K,min,2459124.897957502,3.436700004431529,13.072989999976816,2.9798300527983606,2.1630886226213653,20,1.0634762476681783,0.04945390282743735,40.64603328416776,1.3321876810484001,-1.0609577155548084,0.04945390282743735,91.97198328409661,1.3321876810484001
Ceres,J,minoe,2459124.8991331793,3.3836470618235985,13.073288235281588,2.979829919894771,2.163098826762459,17,1.0536020153021033,0.022652654635041732,39.70634609343706,0.6159353752674823,-1.052918067594397,0.022652654635041736,91.03229609336591,0.6159353752674823
Ceres,H,minoe,2459124.8845889685,3.95150001370024,13.06959999993642,2.9798315642122764,2.1629725183026762,4,1.1554136585215313,0.04331346986089594,40.33395678624971,1.0739352961570445,-1.1534987996367323,0.04331346986089594,91.64955678614798,1.0739352961570445
Ceres,K,minoe,2459124.897957502,3.436700004431529,13.072989999976816,2.9798300527983606,2.1630886226213653,20,1.0363441117477712,0.05456211110524231,39.24971345421232,1.5082725188557464,-1.0361348877867174,0.05456211110524232,90.57566345414116,1.5082725188557464
Ceres,J,25,2459140.881197592,2.5749999957928575,16.458871428614295,2.9776943690686073,2.3262064992693974,14,0.36564424908112036,0.028428427339733383,34.58168656265277,2.227341068339461,-0.3620605206815371,0.028428427339733383,94.01421989608394,2.227341068339461
Ceres,H,25,2459140.881154975,2.5731999955712777,16.458866666711867,2.977694375655962,2.326206008315888,15,0.2803156307182992,0.031075216191948158,32.449741065394434,3.175846332030811,-0.279710789089562,0.031075216191948158,91.88227439882563,3.175846332030811
Ceres,K,25,2459140.8793558194,2.5976428523977972,16.45855000004843,2.977694653007459,2.326185631069834,14,0.31687157317533465,0.05886154893348532,27.453133449462577,5.32158548603122,-0.3150002068958798,0.05886154893348532,86.88499059242457,5.32158548603122
Ceres,J,30,2459140.881197592,2.5749999957928575,16.458871428614295,2.9776943690686073,2.3262064992693974,14,0.3854929215912586,0.028477187268675784,34.98906224610503,2.1162809373563882,-0.3809104807573864,0.028477187268675784,94.42159557953622,2.1162809373563882
Ceres,H,30,2459140.881154975,2.5731999955712777,16.458866666711867,2.977694375655962,2.326206008315888,15,0.2754479710817778,0.029479671094894504,32.46873547819995,3.066025007441053,-0.2748415812016153,0.029479671094894508,91.90126881163113,3.066025007441053
Ceres,K,30,2459140.8793558194,2.5976428523977972,16.45855000004843,2.977694653007459,2.326185631069834,14,0.34930334208916014,0.06823385591218582,28.076104448858782,5.596155966171832,-0.3479825846715712,0.06823385591218582,87.50796159182076,5.596155966171832
Ceres,J,35,2459140.881154975,2.5731999955712777,16.458866666711867,2.977694375655962,2.326206008315888,15,0.37553082899850493,0.039146025788406466,32.70193336672105,2.98630883164442,-0.37448897184653046,0.039146025788406466,92.13446670015225,2.98630883164442
Ceres,H,35,2459140.881154975,2.5731999955712777,16.458866666711867,2.977694375655962,2.326206008315888,15,0.27240346817039696,0.02793431854988459,32.70323377396116,2.9377719880593043,-0.27164680257255047,0.027934318549884585,92.13576710739234,2.9377719880593043
Ceres,K,35,2459140.8793558194,2.5976428523977972,16.45855000004843,2.977694653007459,2.326185631069834,14,0.37357817633366275,0.07697635213627886,27.965178655125992,5.902941310713014,-0.37203717215304355,0.07697635213627886,87.39703579808797,5.902941310713014
Ceres,J,40,2459140.881154975,2.5731999955712777,16.458866666711867,2.977694375655962,2.326206008315888,15,0.376534424264347,0.046507784397088754,33.08658680752465,3.538454373280367,-0.3750796107833566,0.046507784397088754,92.51912014095582,3.538454373280367
Ceres,H,40,2459140.881154975,2.5731999955712777,16.458866666711867,2.977694375655962,2.326206008315888,15,0.26844247165734847,0.02897346229325009,33.09398454403869,3.092016507364807,-0.2673991956904475,0.028973462293250093,92.52651787746987,3.092016507364807
Ceres,K,40,2459140.8771365555,2.6271538410437816,16.458161538513693,2.9776949951279557,2.3261604925188943,13,0.4139996741961294,0.09624666776066207,28.334123575581664,6.66006303699567,-0.4127405415250541,0.09624666776066207,87.76512357569456,6.66006303699567
Ceres,J,max,2459140.8792633186,2.6014615339307694,16.458530769276933,2.9776946672481155,2.326184592308533,13,0.3814052294064301,0.030276372432834934,32.48998844231465,2.274101435456654,-0.38054670842474964,0.030276372432834937,91.92252177574584,2.274101435456654
Ceres,H,max,2459140.881154975,2.5731999955712777,16.458866666711867,2.977694375655962,2.326206008315888,15,0.2624554385984995,0.028943293167528313,33.268617148988824,3.159257343960189,-0.26128965995427195,0.028943293167528316,92.70115048241999,3.159257343960189
Ceres,K,max,2459140.879399723,2.599230764706473,16.458561538505613,2.9776946462241156,2.3261861355270996,13,0.344301667386709,0.05096389935157198,31.148264376342926,4.240491140426159,-0.34423107677142056,0.05096389935157197,90.58012151930491,4.240491140426159
Ceres,J,maxoe,2459140.8792633186,2.6014615339307694,16.458530769276933,2.9776946672481155,2.326184592308533,13,0.38338881875054653,0.03032875552440277,32.1486098654435,2.2662498284320156,-0.3828050291770497,0.03032875552440277,91.58114319887468,2.2662498284320156
Ceres,H,maxoe,2459140.881154975,2.5731999955712777,16.458866666711867,2.977694375655962,2.326206008315888,15,0.26170213358446465,0.03014417048847577,32.78540519395035,3.2998083016297546,-0.2609182093964885,0.03014417048847577,92.21793852738153,3.2998083016297546
Ceres,K,maxoe,2459140.881324253,2.5729285672274393,16.458900000040927,2.9776943495463217,2.326207932258067,14,0.3233741777094624,0.04829937517725188,30.48747100228942,4.278867240385855,-0.3233729169777296,0.04829937517725188,89.92000433572059,4.278867240385855
Ceres,J,min,2459140.881197592,2.5749999957928575,16.458871428614295,2.9776943690686073,2.3262064992693974,14,0.38758498821835974,0.028597013408821325,35.12888968911308,2.113714701046916,-0.38268229567284945,0.02859701340882133,94.56142302254426,2.113714701046916
Ceres,H,min,2459140.881154975,2.5731999955712777,16.458866666711867,2.977694375655962,2.326206008315888,15,0.2733246809788607,0.028342766716105895,32.76623957976277,2.9706810719415566,-0.2725200233540286,0.0283427667161059,92.19877291319396,2.9706810719415566
Ceres,K,min,2459140.881324253,2.5729285672274393,16.458900000040927,2.9776943495463217,2.326207932258067,14,0.35795867297601264,0.046444895630421194,32.51698092743077,3.717044313278949,-0.35713015325940256,0.046444895630421194,91.94951426086196,3.717044313278949
Ceres,J,minoe,2459140.8792633186,2.6014615339307694,16.458530769276933,2.9776946672481155,2.326184592308533,13,0.39098931206933196,0.028724886894293793,32.05353242669693,2.1046800196700035,-0.3904633816570853,0.028724886894293793,91.48606576012811,2.1046800196700035
Ceres,H,minoe,2459140.881154975,2.5731999955712777,16.458866666711867,2.977694375655962,2.326206008315888,15,0.26741275787965707,0.03030300384024274,32.61445262022131,3.246356382510342,-0.26673040065480047,0.03030300384024274,92.0469859536525,3.246356382510342
Ceres,K,minoe,2459140.881933835,2.5652307640030663,16.45900769235747,2.977694255573264,2.326214837212454,13,0.3337486016808428,0.04171951913204401,36.70811028935166,3.581067242743477,-0.3261107975965501,0.04171951913204401,96.14064362278283,3.581067242743477
Ceres,J,25,2459466.879168652,999.0,20.829636000001965,2.809849114225699,2.4976343542767454,25,0.8980888414661533,0.031054060683231688,-83.4670705998754,0.9905849687362903,0.8974798404955351,0.031054060683231688,178.9449294001034,0.9905849687362903
Ceres,K,25,2459466.8781453744,999.0,20.82967083333538,2.8098499141353943,2.497648750495726,24,1.062276968889767,0.04783003992030926,-79.82303096266662,1.2898987277490073,1.0579426113612982,0.047830039920309264,182.5888023706447,1.2898987277490073
Ceres,J,30,2459466.879168652,999.0,20.829636000001965,2.809849114225699,2.4976343542767454,25,0.8896778492263268,0.03349349075543123,-83.5401963531446,1.078500303854627,0.8889880371993304,0.03349349075543123,178.87180364683422,1.078500303854627
Ceres,K,30,2459466.8781453744,999.0,20.82967083333538,2.8098499141353943,2.497648750495726,24,1.00552512557516,0.0541049273438585,-79.67102320947427,1.5414751500574717,1.000926751827353,0.05410492734385851,182.74081012383704,1.5414751500574717
Ceres,J,35,2459466.879168652,999.0,20.829636000001965,2.809849114225699,2.4976343542767454,25,0.8873880675736581,0.03546536370253327,-83.74115006153275,1.1449419556697784,0.8864331443831298,0.03546536370253327,178.67084993844608,1.1449419556697784
Ceres,K,35,2459466.8802842055,999.0,20.82959999999996,2.8098482422046698,2.4976186923489188,22,0.9655730215229779,0.0646117011270565,-78.08679094573002,1.916984888362949,0.9545881397222822,0.0646117011270565,184.3253908724278,1.916984888362949
Ceres,J,40,2459466.879168652,999.0,20.829636000001965,2.809849114225699,2.4976343542767454,25,0.8888984527680602,0.037214973400220536,-83.79162254434556,1.1993838575623155,0.8878678922254191,0.037214973400220536,178.62037745563325,1.1993838575623155
Ceres,K,40,2459466.887096718,999.0,20.829366666668285,2.8098429168508243,2.4975229639924432,15,0.9360311774073581,0.0951096830046494,-77.26096280824517,2.9108984607154755,0.9209336080919613,0.0951096830046494,185.1523038584198,2.9108984607154755
Ceres,J,max,2459466.879168652,999.0,20.829636000001965,2.809849114225699,2.4976343542767454,25,0.8944949921040588,0.03246729187449012,-83.62264303002131,1.0398262779828225,0.8936963904174327,0.03246729187449012,178.7893569699575,1.0398262779828225
Ceres,K,max,2459466.8781453744,999.0,20.82967083333538,2.8098499141353943,2.497648750495726,24,1.0819720994343467,0.04292198634875169,-80.32741664868736,1.136465842043107,1.07910938340577,0.04292198634875169,182.08441668462393,1.136465842043107
Ceres,J,maxoe,2459466.879168652,999.0,20.829636000001965,2.809849114225699,2.4976343542767454,25,0.8967342615297957,0.03188499260419533,-83.60624157118009,1.0186270249726233,0.8959552032103943,0.03188499260419533,178.8057584287987,1.0186270249726235
Ceres,K,maxoe,2459466.8791276654,999.0,20.82963913043584,2.809849146275005,2.4976349448822877,23,1.0597299132680036,0.039456569071007024,-80.72490482125392,1.0666372882046768,1.0578931728310876,0.039456569071007024,181.6869285120574,1.0666372882046768
Ceres,J,min,2459466.879168652,999.0,20.829636000001965,2.809849114225699,2.4976343542767454,25,0.8982163487331601,0.03121101877467874,-83.4205564697629,0.9954504015735288,0.8976597768415256,0.03121101877467874,178.99144353021592,0.9954504015735288
Ceres,K,min,2459466.8781453744,999.0,20.82967083333538,2.8098499141353943,2.497648750495726,24,1.1051760097261343,0.04073518205051417,-80.27439836563724,1.0559195950018354,1.1021013254725238,0.04073518205051417,182.13743496767404,1.0559195950018354
Ceres,J,minoe,2459466.879168652,999.0,20.829636000001965,2.809849114225699,2.4976343542767454,25,0.8983308063140049,0.03137557833682815,-83.47055754515287,1.0005713963314642,0.8977176085622115,0.03137557833682815,178.94144245482596,1.0005713963314642
Ceres,K,minoe,2459466.8781453744,999.0,20.82967083333538,2.8098499141353943,2.497648750495726,24,1.0952350413030467,0.04295050008547683,-80.83242219695815,1.1234494378239988,1.0935709680268766,0.04295050008547683,181.57941113635317,1.1234494378239988
Ceres,J,25,2459526.0318349907,1.5527741935233972,8.58912258064028,2.7625223057744077,1.8303597533753129,31,1.6316511054015155,0.0359594213035692,-2.347587370457721,0.6313614067390754,-1.6304245001880755,0.03595942130356921,271.11089650051935,0.6313614067390754
Ceres,H,25,2459526.032160064,1.549799999974177,8.588996666661622,2.762522041711788,1.830357688138973,30,1.5313810720712167,0.042801859869177436,-3.041516683943462,0.8007040084730099,-1.531218867123099,0.042801859869177436,270.4169671870336,0.8007040084730099
Ceres,K,25,2459526.0318349907,1.5527741935233972,8.58912258064028,2.7625223057744077,1.8303597533753129,31,1.6220053773900642,0.03915597668770393,-1.9477115275826027,0.6915736033279992,-1.6197504403548213,0.03915597668770394,271.51077234339454,0.6915736033279992
Ceres,J,30,2459526.0318349907,1.5527741935233972,8.58912258064028,2.7625223057744077,1.8303597533753129,31,1.6216564483397982,0.03734642613395773,-2.3072703799295766,0.6597552149727864,-1.6203472758169388,0.03734642613395773,271.15121349104754,0.6597552149727864
Ceres,H,30,2459526.0318349907,1.5527741935233972,8.58912258064028,2.7625223057744077,1.8303597533753129,31,1.5571306875491058,0.04636814531636735,-2.7632590338190255,0.8530751630933234,-1.5566721878675003,0.04636814531636735,270.6952248371581,0.8530751630933234
Ceres,K,30,2459526.0318349907,1.5527741935233972,8.58912258064028,2.7625223057744077,1.8303597533753129,31,1.6137185726360426,0.04150052958016861,-1.8074730418477147,0.7367471729030477,-1.6110394526450589,0.041500529580168616,271.6510108291294,0.7367471729030477
Ceres,J,35,2459526.032160064,1.549799999974177,8.588996666661622,2.762522041711788,1.830357688138973,30,1.5931089122784852,0.03396334768337909,-2.3757130447884993,0.6107418222932138,-1.591971149848289,0.03396334768337909,271.0827708261886,0.6107418222932138
Ceres,H,35,2459526.0318349907,1.5527741935233972,8.58912258064028,2.7625223057744077,1.8303597533753129,31,1.5574027507620511,0.046202710277522985,-2.7631603227490005,0.8498830182727206,-1.5569440407457977,0.046202710277522985,270.6953235482281,0.8498830182727206
Ceres,K,35,2459526.0318349907,1.5527741935233972,8.58912258064028,2.7625223057744077,1.8303597533753129,31,1.5902126558256542,0.044007631357431104,-1.7890732605111068,0.7928032561906689,-1.5875134041850973,0.044007631357431104,271.669410610466,0.7928032561906689
Ceres,J,40,2459526.032160064,1.549799999974177,8.588996666661622,2.762522041711788,1.830357688138973,30,1.5829378699894219,0.03533675205971622,-2.2751331352862487,0.6395218640942263,-1.5815876211324336,0.03533675205971622,271.18335073569085,0.6395218640942264
Ceres,H,40,2459526.0318349907,1.5527741935233972,8.58912258064028,2.7625223057744077,1.8303597533753129,31,1.5583650650737337,0.04635839499991346,-2.8167252992264435,0.8522202011663246,-1.5579740629386767,0.04635839499991346,270.64175857175064,0.8522202011663246
Ceres,K,40,2459526.0318349907,1.5527741935233972,8.58912258064028,2.7625223057744077,1.8303597533753129,31,1.5781687811977703,0.046688795086163734,-1.8236668550952142,0.8475237062280631,-1.5755998136548754,0.046688795086163734,271.6348170158819,0.8475237062280631
Ceres,J,max,2459526.032160064,1.549799999974177,8.588996666661622,2.762522041711788,1.830357688138973,30,1.5921545700645585,0.03387621373209797,-2.325054379633608,0.6095400877609624,-1.5909086151594092,0.03387621373209797,271.1334294913435,0.6095400877609624
Ceres,H,max,2459526.0318349907,1.5527741935233972,8.58912258064028,2.7625223057744077,1.8303597533753129,31,1.56014191751089,0.04614070943723672,-2.843111014678454,0.8472523828828729,-1.5597819951665548,0.04614070943723673,270.6153728562986,0.8472523828828729
Ceres,K,max,2459526.0318349907,1.5527741935233972,8.58912258064028,2.7625223057744077,1.8303597533753129,31,1.6232064703310118,0.04101090115338871,-1.8569973661960157,0.7237993419402156,-1.6206708048448906,0.04101090115338871,271.60148650478106,0.7237993419402156
Ceres,J,maxoe,2459526.032160064,1.549799999974177,8.588996666661622,2.762522041711788,1.830357688138973,30,1.5911089886827707,0.03421264020821352,-2.2906540171438166,0.6159979938121768,-1.5897871341529122,0.03421264020821352,271.1678298538333,0.6159979938121768
Ceres,H,maxoe,2459526.0318349907,1.5527741935233972,8.58912258064028,2.7625223057744077,1.8303597533753129,31,1.5592407097468615,0.046137866438279176,-2.791909362387183,0.8476898422825462,-1.558818648279408,0.046137866438279176,270.6665745085899,0.8476898422825462
Ceres,K,maxoe,2459526.031688132,1.554399999974177,8.589179999994956,2.7625224250702214,1.8303606882946746,30,1.6063322157077937,0.03658618298234581,-1.8119687324997897,0.6524907652611924,-1.6036798585569154,0.03658618298234581,271.6465151384773,0.6524907652611924
Ceres,J,min,2459526.0318349907,1.5527741935233972,8.58912258064028,2.7625223057744077,1.8303597533753129,31,1.6204163575944635,0.03816390895464896,-2.3651458181287768,0.6747126757190377,-1.619236396842251,0.03816390895464896,271.09333805284837,0.6747126757190377
Ceres,H,min,2459526.0318349907,1.5527741935233972,8.58912258064028,2.7625223057744077,1.8303597533753129,31,1.5579911639030968,0.04624974391680804,-2.823440377390628,0.8504268802639924,-1.55760839303354,0.04624974391680804,270.63504349358647,0.8504268802639924
Ceres,K,min,2459526.0318349907,1.5527741935233972,8.58912258064028,2.7625223057744077,1.8303597533753129,31,1.6258535736293172,0.038568901042158106,-1.9178549067227921,0.6795923341486619,-1.6235030879627645,0.038568901042158106,271.5406289642543,0.6795923341486619
Ceres,J,minoe,2459526.032160064,1.549799999974177,8.588996666661622,2.762522041711788,1.830357688138973,30,1.5904649202381196,0.034327735711082094,-2.3525887001725856,0.618320577668275,-1.5892800171916028,0.034327735711082094,271.1058951708045,0.618320577668275
Ceres,H,minoe,2459526.0318349907,1.5527741935233972,8.58912258064028,2.7625223057744077,1.8303597533753129,31,1.5543950339603916,0.04589064212964877,-2.802249155465381,0.8457760272415803,-1.5539872355364763,0.04589064212964877,270.6562347155117,0.8457760272415803
Ceres,K,minoe,2459526.031688132,1.554399999974177,8.589179999994956,2.7625224250702214,1.8303606882946746,30,1.6005297925668887,0.034190972446986864,-1.756331363250962,0.6119843653515005,-1.5977054481123263,0.034190972446986864,271.70215250772617,0.6119843653515005
Vesta,J,25,2458779.1460893983,1.137150000077937,10.401130000008433,2.5374299167319885,1.61203555455288,20,0.6889596259818872,0.08845117037737378,-7.667495931687046,3.6779214372638154,-0.6873347808327258,0.08845117037737378,268.0321040682614,3.6779214372638154
Vesta,H,25,2458779.1468057493,1.136055555642237,10.400838888898285,2.537430276407098,1.6120319681610522,18,0.8024220937087274,0.08010792570160197,1.1197054416854142,2.8599948108578896,-0.7797915430923954,0.08010792570160198,276.8199276638785,2.8599948108578896
Vesta,K,25,2458779.145655424,1.1377894737662495,10.40130526316677,2.537429698836935,1.6120377267766692,19,1.0571334786763533,0.09621340873221502,0.03857061450234732,2.607344466956749,-1.0360010100468482,0.09621340873221502,275.73778114076384,2.607344466956749
Vesta,J,30,2458779.1460893983,1.137150000077937,10.401130000008433,2.5374299167319885,1.61203555455288,20,0.7078537363759413,0.08752551460210083,-8.40977098275552,3.5422872895225153,-0.7046885614439626,0.08752551460210083,267.2898290171929,3.5422872895225153
Vesta,H,30,2458779.1468057493,1.136055555642237,10.400838888898285,2.537430276407098,1.6120319681610522,18,0.7984440077009444,0.07929797231462793,0.9907225866612744,2.845183315143098,-0.7767655197880964,0.07929797231462794,276.6909448088544,2.845183315143098
Vesta,K,30,2458779.145655424,1.1377894737662495,10.40130526316677,2.537429698836935,1.6120377267766692,19,1.046529875061691,0.09682524564781851,0.01997450323611744,2.6505110165203924,-1.0257443128769046,0.09682524564781851,275.71918502949757,2.6505110165203924
Vesta,J,35,2458779.1457482595,1.1376470589151522,10.4012705882422,2.537429745451221,1.612037261108606,17,0.7428187247721448,0.09119967735763009,-7.624262214594177,3.517248846378951,-0.7411422812061108,0.09119967735763009,268.0749483116673,3.517248846378951
Vesta,H,35,2458779.1468057493,1.136055555642237,10.400838888898285,2.537430276407098,1.6120319681610522,18,0.7873347425703542,0.07981293899354559,1.1308150120589069,2.904066280586273,-0.7650576385272962,0.0798129389935456,276.831037234252,2.904066280586273
Vesta,K,35,2458779.145655424,1.1377894737662495,10.40130526316677,2.537429698836935,1.6120377267766692,19,1.0526141961354467,0.09811338303707512,-0.09547553245366314,2.6702484074476107,-1.0325406576686549,0.09811338303707512,275.60373499380785,2.6702484074476107
Vesta,J,40,2458779.1457482595,1.1376470589151522,10.4012705882422,2.537429745451221,1.612037261108606,17,0.7535271996184779,0.09184658532233379,-7.9686660343542135,3.4918591553976968,-0.7511640028979412,0.09184658532233379,267.73054449190727,3.4918591553976968
Vesta,H,40,2458779.1468057493,1.136055555642237,10.400838888898285,2.537430276407098,1.6120319681610522,18,0.7805142554547613,0.07906005872388064,1.2738297950959268,2.9018097115314982,-0.7575003635943254,0.07906005872388064,276.97405201728907,2.9018097115314982
Vesta,K,40,2458779.145655424,1.1377894737662495,10.40130526316677,2.537429698836935,1.6120377267766692,19,1.0544636140347659,0.10758381003593953,0.5137153660405473,2.922859630694328,-1.0297631103123321,0.10758381003593953,276.21292589230205,2.922859630694328
Vesta,J,max,2458779.1460893983,1.137150000077937,10.401130000008433,2.5374299167319885,1.61203555455288,20,0.6790852317094335,0.08800572967955352,-8.312328459047094,3.7126097345061564,-0.676262974963009,0.08800572967955352,267.38727154090134,3.7126097345061564
Vesta,H,max,2458779.1468057493,1.136055555642237,10.400838888898285,2.537430276407098,1.6120319681610522,18,0.7804504095708301,0.07744850435894318,1.1479571309586558,2.8428919858009754,-0.7582576541722272,0.07744850435894318,276.84817935315175,2.8428919858009754
Vesta,K,max,2458779.145655424,1.1377894737662495,10.40130526316677,2.537429698836935,1.6120377267766692,19,1.044110330217815,0.09713451392273927,-0.3483048593344489,2.6651386983532093,-1.025950042435987,0.09713451392273927,275.350905666927,2.6651386983532093
Vesta,J,maxoe,2458779.1460893983,1.137150000077937,10.401130000008433,2.5374299167319885,1.61203555455288,20,0.6815111346117666,0.08970441021873933,-8.163437520203242,3.7707998066472372,-0.6789922161864705,0.08970441021873934,267.5361624797452,3.7707998066472372
Vesta,H,maxoe,2458779.1468057493,1.136055555642237,10.400838888898285,2.537430276407098,1.6120319681610522,18,0.7819558153793618,0.07799285194826189,1.1902199298732181,2.8573617338315582,-0.7594462853096403,0.07799285194826189,276.8904421520663,2.8573617338315582
Vesta,K,maxoe,2458779.145655424,1.1377894737662495,10.40130526316677,2.537429698836935,1.6120377267766692,19,1.0344184955706917,0.09842216613902013,-0.2394900222024508,2.7257704470907136,-1.0156898255732731,0.09842216613902012,275.459720504059,2.7257704470907136
Vesta,J,min,2458779.1460893983,1.137150000077937,10.401130000008433,2.5374299167319885,1.61203555455288,20,0.6740333790146068,0.08870031074309619,-7.780262050137275,3.7699568042966254,-0.6722564163140604,0.08870031074309619,267.91933794981117,3.7699568042966254
Vesta,H,min,2458779.1468057493,1.136055555642237,10.400838888898285,2.537430276407098,1.6120319681610522,18,0.7923769749066272,0.0779891642799546,1.0489265412820294,2.819649044900877,-0.7704890320289989,0.0779891642799546,276.74914876347515,2.819649044900877
Vesta,K,min,2458779.1460893983,1.137150000077937,10.401130000008433,2.5374299167319885,1.61203555455288,20,1.0169076371728838,0.09333581174933489,-1.0391004565401494,2.6294168197673216,-1.0034808176737509,0.09333581174933489,274.66049954340826,2.6294168197673216
Vesta,J,minoe,2458779.1460893983,1.137150000077937,10.401130000008433,2.5374299167319885,1.61203555455288,20,0.6707393237611065,0.08863736238839386,-7.873796414647153,3.785782786335775,-0.6688085669144752,0.08863736238839387,267.8258035853013,3.785782786335775
Vesta,H,minoe,2458779.1468057493,1.136055555642237,10.400838888898285,2.537430276407098,1.6120319681610522,18,0.7906777963681505,0.07883875071432303,1.162879748444276,2.8564907847187584,-0.7680965932753192,0.07883875071432303,276.8631019706374,2.8564907847187584
Vesta,K,minoe,2458779.1460893983,1.137150000077937,10.401130000008433,2.5374299167319885,1.61203555455288,20,1.0110135707156416,0.09329040009952921,-1.260475416944038,2.643459172860717,-0.9989001382106476,0.09329040009952921,274.4391245830044,2.6434591728607173
Vesta,J,25,2458796.1704787933,1.181145454575564,4.12981454545285,2.5454627937988907,1.5651561605418571,55,0.6563349362235068,0.03854710384885145,-49.64376872355525,1.6825147048393387,-0.656189659629278,0.03854710384885145,269.39723127637774,1.682514704839339
Vesta,H,25,2458796.1795379804,1.1925294117161278,4.127764705889084,2.545466791993635,1.5651525311805365,17,0.8391805659769721,0.2571745358267308,-60.3067429105756,8.779407018293604,-0.7756926652368897,0.2571745358267308,258.7849237559551,8.779407018293604
Vesta,K,25,2458796.1692493283,1.1814339622042584,4.130094339625583,2.5454622510368794,1.565156719443265,53,0.9149332071459533,0.08116127739726049,-46.87447255517641,2.541277668377236,-0.9123232748903636,0.0811612773972605,272.1643667305213,2.541277668377236
Vesta,J,30,2458796.1704787933,1.181145454575564,4.12981454545285,2.5454627937988907,1.5651561605418571,55,0.6546772700559449,0.037221100491686726,-49.68647815703516,1.6287505802849411,-0.654511914153421,0.037221100491686726,269.35610804979325,1.6287505802849411
Vesta,H,30,2458796.185582983,1.2088333333922712,4.126400000001018,2.5454694591905,1.5651504290278273,12,0.7010573629732076,0.12751660214172159,-51.59941807742665,5.210816907751913,-0.6983786883284007,0.12751660214172159,267.4948760400764,5.210816907751913
Vesta,K,30,2458796.1692493283,1.1814339622042584,4.130094339625583,2.5454622510368794,1.565156719443265,53,0.9103127446512801,0.08131772740320373,-46.66079768434701,2.559099939649703,-0.9071782693062722,0.08131772740320373,272.3780416013507,2.559099939649703
Vesta,J,35,2458796.1704787933,1.181145454575564,4.12981454545285,2.5454627937988907,1.5651561605418571,55,0.6642950836719403,0.03751257668803249,-49.65844399036472,1.617739146137149,-0.6641415901988758,0.03751257668803249,269.3841422164637,1.617739146137149
Vesta,H,35,2458796.185582983,1.2088333333922712,4.126400000001018,2.5454694591905,1.5651504290278273,12,0.6872049361650681,0.12597917837807682,-50.801728702836364,5.251763227917036,-0.6859847373873409,0.12597917837807682,268.2925654146667,5.251763227917036
Vesta,K,35,2458796.1692493283,1.1814339622042584,4.130094339625583,2.5454622510368794,1.565156719443265,53,0.9046978822670269,0.0820750349664904,-46.40757340786316,2.5989632556587385,-0.9008844816156938,0.0820750349664904,272.63126587783455,2.5989632556587385
Vesta,J,40,2458796.1712565497,1.182351851882519,4.129638888885062,2.545463137030097,1.5651558606820848,54,0.6511725208258088,0.03655552107335596,-50.235499896157854,1.6082351515299265,-0.6506123084472061,0.03655552107335596,268.8115878231241,1.6082351515299265
Vesta,H,40,2458796.185582983,1.2088333333922712,4.126400000001018,2.5454694591905,1.5651504290278273,12,0.6829953719233807,0.12600027013204984,-50.1038626554339,5.285016555635321,-0.6825713101150105,0.12600027013204984,268.9904314620692,5.285016555635321
Vesta,K,40,2458796.1692493283,1.1814339622042584,4.130094339625583,2.5454622510368794,1.565156719443265,53,0.9079025392468769,0.0835233473477547,-46.31067062414225,2.6354895415323094,-0.9037887868135936,0.0835233473477547,272.72816866155546,2.6354895415323094
Vesta,J,max,2458796.1712565497,1.182351851882519,4.129638888885062,2.545463137030097,1.5651558606820848,54,0.6390048178172194,0.03503726226147987,-50.23475101634936,1.57079195438086,-0.6384542266339033,0.03503726226147987,268.8106727124485,1.57079195438086
Vesta,H,max,2458796.185582983,1.2088333333922712,4.126400000001018,2.5454694591905,1.5651504290278273,12,0.6837597059786201,0.12351868286479138,-50.01822228861122,5.175136204493391,-0.6834104443050124,0.12351868286479141,269.0843071230096,5.175136204493391
Vesta,K,max,2458796.1692493283,1.1814339622042584,4.130094339625583,2.5454622510368794,1.565156719443265,53,0.910350585799146,0.08070090752880871,-46.92887665620382,2.5395828137009846,-0.9078825775697689,0.08070090752880871,272.10996262949385,2.5395828137009846
Vesta,J,maxoe,2458796.1712565497,1.182351851882519,4.129638888885062,2.545463137030097,1.5651558606820848,54,0.6400805036530719,0.03514999495580805,-50.41596289602805,1.573197706679023,-0.6393481524513615,0.03514999495580805,268.6294608327698,1.573197706679023
Vesta,H,maxoe,2458796.185582983,1.2088333333922712,4.126400000001018,2.5454694591905,1.5651504290278273,12,0.6848556965978647,0.12495373916452461,-49.73481300167718,5.226883505584411,-0.6846888989220575,0.12495373916452462,269.36771640994357,5.226883505584411
Vesta,K,maxoe,2458796.1692493283,1.1814339622042584,4.130094339625583,2.5454622510368794,1.565156719443265,53,0.9163646608861028,0.0808867284271727,-46.803881185178255,2.5287248381099916,-0.9135793122353224,0.08088672842717272,272.23420653410363,2.5287248381099916
Vesta,J,min,2458796.1704787933,1.181145454575564,4.12981454545285,2.5454627937988907,1.5651561605418571,55,0.6574474594511215,0.037507404013848764,-49.51221624449697,1.6343632632482232,-0.6573585614177316,0.037507404013848764,269.5288837554371,1.6343632632482232
Vesta,H,min,2458796.1812899313,1.196562499948386,4.127368750007152,2.5454675650437375,1.5651519008649364,16,0.6358553343616302,0.2548115732795418,-52.03837016242068,11.480306078318591,-0.6324946092728583,0.2548115732795418,267.05329650411,11.480306078318591
Vesta,K,min,2458796.166572937,1.175244444349537,4.130697777783186,2.5454610700861644,1.5651576772629132,45,0.9058041232317648,0.04768165741680683,-49.01001101363362,1.5080289767419583,-0.9058036882096983,0.047681657416806834,270.0280767056483,1.5080289767419583
Vesta,J,minoe,2458796.1704787933,1.181145454575564,4.12981454545285,2.5454627937988907,1.5651561605418571,55,0.6585026423714078,0.037103616294176495,-49.4728428429921,1.614177743215576,-0.6584284023292497,0.037103616294176495,269.56981817389004,1.614177743215576
Vesta,H,minoe,2458796.1812899313,1.196562499948386,4.127368750007152,2.5454675650437375,1.5651519008649364,16,0.6267667111760201,0.25692914571908626,-52.0880036567919,11.7435685567793,-0.62334158940708,0.2569291457190863,267.0036630097388,11.7435685567793
Vesta,K,minoe,2458796.1692493283,1.1814339622042584,4.130094339625583,2.5454622510368794,1.565156719443265,53,0.9131500293761978,0.08016497864036724,-46.70575221269953,2.5149837338269267,-0.9101278387752753,0.08016497864036724,272.33140295974835,2.5149837338269267
Vesta,J,25,2458809.0818931093,1.160917721573125,5.662418987330578,2.550856039306235,1.5831182639488792,158,0.6531934937952529,0.02784207877856961,52.858198219336714,1.221103411191376,-0.6530407002341193,0.027842078778569614,89.38034821925434,1.221103411191376
Vesta,H,25,2458809.0960657205,1.1685800000306192,5.667549000000492,2.55086162244881,1.5831640278615027,100,0.7529741452271694,0.04165573442638374,53.41344231147519,1.584847096197133,-0.7529739298764728,0.04165573442638375,89.97833340060939,1.584847096197133
Vesta,K,25,2458809.0822497327,1.161337579669051,5.662548407634331,2.550856179773615,1.5831194246249924,157,0.9930450056482194,0.04305184208833903,51.94896243182619,1.241982406585569,-0.9916311610402495,0.04305184208833903,88.47111243174383,1.241982406585569
Vesta,J,30,2458809.0818931093,1.160917721573125,5.662418987330578,2.550856039306235,1.5831182639488792,158,0.6522163189496529,0.026396627368773164,52.34778875650417,1.159443038811001,-0.6517089498220313,0.026396627368773167,88.86993875642182,1.159443038811001
Vesta,H,30,2458809.0968879373,1.1680808081273464,5.667846464644882,2.5508619464319375,1.5831666477294286,99,0.7695490872215427,0.03722617691534697,53.009062394586074,1.38581336790195,-0.7694639877054069,0.03722617691534697,89.57395348372027,1.38581336790195
Vesta,K,30,2458809.0822497327,1.161337579669051,5.662548407634331,2.550856179773615,1.5831194246249924,157,0.9992383311321673,0.04271451056379358,52.067568985669055,1.224613339491995,-0.9980277959187763,0.04271451056379358,88.5897189855867,1.224613339491995
Vesta,J,35,2458809.0818931093,1.160917721573125,5.662418987330578,2.550856039306235,1.5831182639488792,158,0.6557899362938703,0.026545171277730133,51.892285573442294,1.1596139224560158,-0.6547857682417684,0.026545171277730137,88.41443557335994,1.1596139224560158
Vesta,H,35,2458809.0969283637,1.167670000046073,5.667860999998433,2.5508619623945883,1.583166761842498,100,0.7741105106872577,0.036531432194229496,52.679414183280244,1.351936742493932,-0.7738413254596133,0.036531432194229496,89.24448281075625,1.351936742493932
Vesta,K,35,2458809.0822497327,1.161337579669051,5.662548407634331,2.550856179773615,1.5831194246249924,157,1.0044165972261194,0.04316291986696986,52.0638762661015,1.2310893441369524,-1.0031934094626889,0.043162919866969865,88.58602626601915,1.2310893441369524
Vesta,J,40,2458809.0818931093,1.160917721573125,5.662418987330578,2.550856039306235,1.5831182639488792,158,0.6551479364510573,0.027724840124912806,51.61022814981324,1.2123340687276452,-0.6537562282657206,0.027724840124912806,88.13237814973088,1.2123340687276452
Vesta,H,40,2458809.0969283637,1.167670000046073,5.667860999998433,2.5508619623945883,1.583166761842498,100,0.7741304952710514,0.03668037240131111,52.63571232055745,1.357413603004629,-0.7738292623762492,0.03668037240131111,89.20078094803345,1.357413603004629
Vesta,K,40,2458809.0826946697,1.1609423077334224,5.662708974350979,2.5508563551054664,1.5831208375989991,156,1.003419576196775,0.042593585514620565,52.609641317294866,1.2160579393752715,-1.0029588081973562,0.042593585514620565,89.1317913172125,1.2160579393752715
Vesta,J,max,2458809.081852843,1.1611719745767757,5.66240445858746,2.550856023419568,1.5831181446554057,157,0.6517333244442777,0.02646523826197126,52.351018380140964,1.163318185019969,-0.6512292244237144,0.02646523826197126,88.8731683800586,1.163318185019969
Vesta,H,max,2458809.0969283637,1.167670000046073,5.667860999998433,2.5508619623945883,1.583166761842498,100,0.7744843154196537,0.0364783115621403,52.63645519402874,1.34931931781047,-0.7741835047956662,0.0364783115621403,89.20152382150476,1.34931931781047
Vesta,K,max,2458809.0822497327,1.161337579669051,5.662548407634331,2.550856179773615,1.5831194246249924,157,0.9990319481821762,0.042956602684253886,51.94239832157885,1.2318084724450067,-0.9975973428308783,0.042956602684253886,88.4645483214965,1.2318084724450067
Vesta,J,maxoe,2458809.081852843,1.1611719745767757,5.66240445858746,2.550856023419568,1.5831181446554057,157,0.6547565462322953,0.026333074492563828,52.441970052580544,1.152164143076948,-0.6543285537776709,0.02633307449256383,88.96412005249819,1.152164143076948
Vesta,H,maxoe,2458809.0968879373,1.1680808081273464,5.667846464644882,2.5508619464319375,1.5831666477294286,99,0.7751391278527515,0.03661090101163913,52.935006509388714,1.3530797483730146,-0.7750210220483588,0.03661090101163913,89.49989759852292,1.3530797483730146
Vesta,K,maxoe,2458809.0822497327,1.161337579669051,5.662548407634331,2.550856179773615,1.5831194246249924,157,0.9910962090957468,0.04262924238131439,51.826938916941884,1.23220916893527,-0.9894509749303946,0.04262924238131439,88.34908891685953,1.23220916893527
Vesta,J,min,2458809.0818931093,1.160917721573125,5.662418987330578,2.550856039306235,1.5831182639488792,158,0.6592099448314007,0.027973495497580724,52.89813035283309,1.2156697898796933,-0.6590749771772213,0.02797349549758073,89.42028035275074,1.2156697898796933
Vesta,H,min,2458809.0968879373,1.1680808081273464,5.667846464644882,2.5508619464319375,1.5831666477294286,99,0.7732184144187263,0.03673919305052195,52.91612727719609,1.3611941110415255,-0.7730915385527987,0.03673919305052196,89.48101836633029,1.3611941110415255
Vesta,K,min,2458809.0821804395,1.161088607645829,5.662523417711299,2.550856152494838,1.583119192721644,158,0.9840783081929898,0.047018522672561076,51.63873710988849,1.368774662366403,-0.9820511762958266,0.047018522672561076,88.16088710980614,1.368774662366403
Vesta,J,minoe,2458809.081852843,1.1611719745767757,5.66240445858746,2.550856023419568,1.5831181446554057,157,0.6541052675672212,0.027272512540982473,52.45057296794659,1.1944559559408523,-0.6536847724113967,0.027272512540982476,88.97272296786424,1.1944559559408523
Vesta,H,minoe,2458809.0969283637,1.167670000046073,5.667860999998433,2.5508619623945883,1.583166761842498,100,0.7742283591131096,0.03641942345193245,52.610365709707345,1.3475864268817432,-0.773907677311851,0.03641942345193245,89.17543433718336,1.3475864268817432
Vesta,K,minoe,2458809.0822497327,1.161337579669051,5.662548407634331,2.550856179773615,1.5831194246249924,157,0.9943334721426267,0.04362462200501877,51.70847700475921,1.2568754818014347,-0.9924375630097639,0.04362462200501877,88.23062700467686,1.2568754818014347
Vesta,J,25,2458836.0781143606,1.2921194026907217,15.55983283579753,2.5601284285995454,1.7618059247941826,67,0.4135749939216396,0.03322324055451711,22.456383827510773,2.3013377180661636,-0.4118777377310386,0.03322324055451711,87.40371218570253,2.3013377180661636
Vesta,H,25,2458836.0781143606,1.2921194026907217,15.55983283579753,2.5601284285995454,1.7618059247941826,67,0.5803286733762146,0.033459788997209965,21.85973596350329,1.6517404540647107,-0.576727952289273,0.033459788997209965,86.80706432169504,1.6517404540647107
Vesta,K,25,2458836.0776657052,1.2898636361193005,15.559693939372554,2.5601282974248276,1.7618015740246211,66,0.712903529848214,0.03766906112305804,20.22894745394689,1.513723898260876,-0.7028213577795569,0.03766906112305804,85.17627581213864,1.513723898260876
Vesta,J,30,2458836.0781143606,1.2921194026907217,15.55983283579753,2.5601284285995454,1.7618059247941826,67,0.4188587145012879,0.03344458615896071,21.84685977745247,2.2874463012565607,-0.4162388725110897,0.03344458615896071,86.79418813564422,2.2874463012565607
Vesta,H,30,2458836.0781143606,1.2921194026907217,15.55983283579753,2.5601284285995454,1.7618059247941826,67,0.5832322360602026,0.03268929375096056,21.576501725594472,1.6056713358691004,-0.578943835828713,0.032689293750960566,86.52383008378622,1.6056713358691004
Vesta,K,30,2458836.0781143606,1.2921194026907217,15.55983283579753,2.5601284285995454,1.7618059247941826,67,0.7194007980745999,0.04127052887924818,20.990980550256513,1.6434699053589978,-0.7121823837290425,0.04127052887924818,85.93830890844828,1.6434699053589978
Vesta,J,35,2458836.0781143606,1.2921194026907217,15.55983283579753,2.5601284285995454,1.7618059247941826,67,0.42197714168463357,0.03539051430445644,21.830881664071914,2.4026504093889436,-0.4193114474787544,0.035390514304456444,86.77821002226368,2.4026504093889436
Vesta,H,35,2458836.0781143606,1.2921194026907217,15.55983283579753,2.5601284285995454,1.7618059247941826,67,0.5819448537331008,0.03268662716728914,21.422031179112857,1.6090921426570908,-0.5772777044394642,0.03268662716728914,86.3693595373046,1.6090921426570908
Vesta,K,35,2458836.0781143606,1.2921194026907217,15.55983283579753,2.5601284285995454,1.7618059247941826,67,0.7257094279360988,0.04496665252079671,21.643445318738834,1.775090214550593,-0.720576719916574,0.044966652520796714,86.5907736769306,1.775090214550593
Vesta,J,40,2458836.0781143606,1.2921194026907217,15.55983283579753,2.5601284285995454,1.7618059247941826,67,0.42035143516888157,0.037937009410322374,22.004060507061673,2.5854919773097436,-0.4179735469093302,0.037937009410322374,86.95138886525343,2.5854919773097436
Vesta,H,40,2458836.077734508,1.2903333330345204,15.559715151491432,2.5601283175360834,1.7618022429314535,66,0.5870558201008598,0.03150821389024883,20.499074778617334,1.537577530188335,-0.5796553601233142,0.03150821389024883,85.4464031368091,1.537577530188335
Vesta,K,40,2458836.0781075167,1.2923030300042173,15.559830303006585,2.560128426587477,1.7618058623893864,66,0.7028082438213055,0.04761251784570392,20.630385801541912,1.9407828156066445,-0.6944512011059777,0.04761251784570392,85.57771415973366,1.9407828156066445
Vesta,J,max,2458836.0781143606,1.2921194026907217,15.55983283579753,2.5601284285995454,1.7618059247941826,67,0.42065323787603864,0.03335323119248185,21.97998746370274,2.271466386544786,-0.41823594968689504,0.03335323119248185,86.9273158218945,2.271466386544786
Vesta,H,max,2458836.077734508,1.2903333330345204,15.559715151491432,2.5601283175360834,1.7618022429314535,66,0.5873360873616409,0.03135910536284511,20.61319027107967,1.529570909449993,-0.58029780649862,0.03135910536284511,85.56051862927143,1.5295709094499932
Vesta,K,max,2458836.0776657052,1.2898636361193005,15.559693939372554,2.5601282974248276,1.7618015740246211,66,0.7152399491393879,0.037954641823760904,20.45010883782664,1.5202176500689404,-0.7060290592876501,0.03795464182376091,85.3974371960184,1.5202176500689404
Vesta,J,maxoe,2458836.0781143606,1.2921194026907217,15.55983283579753,2.5601284285995454,1.7618059247941826,67,0.42291927030412607,0.033228371035842426,21.88009210534655,2.2508378715865107,-0.4203285332287029,0.033228371035842426,86.8274204635383,2.2508378715865107
Vesta,H,maxoe,2458836.077734508,1.2903333330345204,15.559715151491432,2.5601283175360834,1.7618022429314535,66,0.5863269204984901,0.03144979011695106,20.571849648281198,1.5366344075942728,-0.5791695354680857,0.03144979011695106,85.51917800647296,1.5366344075942728
Vesta,K,maxoe,2458836.0776657052,1.2898636361193005,15.559693939372554,2.5601282974248276,1.7618015740246211,66,0.7160483246450091,0.03808679438643398,20.55879334323653,1.5237886176237372,-0.7072565015565071,0.03808679438643398,85.50612170142828,1.5237886176237372
Vesta,J,min,2458836.0781143606,1.2921194026907217,15.55983283579753,2.5601284285995454,1.7618059247941826,67,0.41293917167345784,0.03286466931314128,22.17868692547699,2.280005114439883,-0.41086294172184856,0.03286466931314128,87.12601528366874,2.280005114439883
Vesta,H,min,2458836.0781143606,1.2921194026907217,15.55983283579753,2.5601284285995454,1.7618059247941826,67,0.5823404927633441,0.03253875151543886,21.481010650639618,1.600724280405828,-0.5778204810277615,0.03253875151543886,86.42833900883137,1.600724280405828
Vesta,K,min,2458836.0776657052,1.2898636361193005,15.559693939372554,2.5601282974248276,1.7618015740246211,66,0.7101773983881153,0.037323802989886114,20.740358379457916,1.5056071845935732,-0.7021467246834014,0.037323802989886114,85.68768673764967,1.5056071845935732
Vesta,J,minoe,2458836.0781143606,1.2921194026907217,15.55983283579753,2.5601284285995454,1.7618059247941826,67,0.417051205274558,0.03302039953006061,22.00462670865479,2.268222111554291,-0.41469286152413787,0.03302039953006061,86.95195506684654,2.268222111554291
Vesta,H,minoe,2458836.0781143606,1.2921194026907217,15.55983283579753,2.5601284285995454,1.7618059247941826,67,0.5805243889631884,0.03238139145516426,21.3163738469009,1.597966511325631,-0.5755940988215873,0.03238139145516426,86.26370220509266,1.597966511325631
Vesta,K,minoe,2458836.0776657052,1.2898636361193005,15.559693939372554,2.5601282974248276,1.7618015740246211,66,0.7150243021578665,0.03719063155594246,20.607341122061534,1.4900655957782385,-0.7064333350469278,0.03719063155594246,85.55466948025328,1.4900655957782385
Vesta,J,25,2458859.057176711,1.5357741936810454,20.70384193548748,2.5658318262063577,2.020946294414613,31,0.1425701252898169,0.03325965149030501,10.814915154139952,6.683159093101345,-0.1355144671254777,0.03325965149030502,80.94956031542942,6.683159093101345
Vesta,H,25,2458859.057176711,1.5357741936810454,20.70384193548748,2.5658318262063577,2.020946294414613,31,0.19411738119946695,0.03260810378308312,15.561128989221572,4.812311790811359,-0.19193051541254727,0.03260810378308312,85.69577415051103,4.812311790811359
Vesta,K,25,2458859.057176711,1.5357741936810454,20.70384193548748,2.5658318262063577,2.020946294414613,31,0.36163099834956847,0.05712612113898872,6.253271885257714,4.525449499842406,-0.32157078273769457,0.057126121138988725,76.38791704654717,4.525449499842406
Vesta,J,30,2458859.057176711,1.5357741936810454,20.70384193548748,2.5658318262063577,2.020946294414613,31,0.15996934840861793,0.03884168157372075,8.414926767017496,6.955908883496351,-0.1473604989348043,0.03884168157372075,78.54957192830696,6.955908883496351
Vesta,H,30,2458859.057176711,1.5357741936810454,20.70384193548748,2.5658318262063577,2.020946294414613,31,0.19927286368175437,0.03348063594054782,15.899212951818365,4.8132472715176045,-0.19736619337399394,0.03348063594054782,86.03385811310783,4.8132472715176045
Vesta,K,30,2458859.057176711,1.5357741936810454,20.70384193548748,2.5658318262063577,2.020946294414613,31,0.3605357600207521,0.0649574816162924,7.052014280451452,5.1614707292807305,-0.3250702963753062,0.0649574816162924,77.18665944174091,5.1614707292807305
Vesta,J,35,2458859.0576111916,1.5393000001370802,20.70390666667039,2.565831914721803,2.02095182737834,30,0.15099637594221077,0.04013582070800689,13.577055611498947,7.614795784048066,-0.14737333532486013,0.04013582070800689,83.7117007727884,7.614795784048066
Vesta,H,35,2458859.057176711,1.5357741936810454,20.70384193548748,2.5658318262063577,2.020946294414613,31,0.21391955941283708,0.03461704681395267,15.56808666687088,4.6358796902216755,-0.21151737882655544,0.03461704681395267,85.70273182816034,4.6358796902216755
Vesta,K,35,2458859.057176711,1.5357741936810454,20.70384193548748,2.5658318262063577,2.020946294414613,31,0.3880915546114246,0.07670315647610214,7.976211013688046,5.66202367610453,-0.35514744303246726,0.07670315647610214,78.1108561749775,5.66202367610453
Vesta,J,40,2458859.0574979675,1.5384482760038762,20.70388965517627,2.565831891653141,2.0209503859668803,29,0.1827121021327089,0.041079919999234764,13.567200479653318,6.4410239147203665,-0.1783143705248741,0.041079919999234764,83.70184564094279,6.4410239147203665
Vesta,H,40,2458859.057176711,1.5357741936810454,20.70384193548748,2.5658318262063577,2.020946294414613,31,0.22371457939379874,0.0350865977495553,15.269570615728215,4.493032984193732,-0.22084203547847545,0.0350865977495553,85.40421577701768,4.493032984193732
Vesta,K,40,2458859.057176711,1.5357741936810454,20.70384193548748,2.5658318262063577,2.020946294414613,31,0.40178654362620353,0.08627920873318214,7.020307137639097,6.15181692687382,-0.36207073674221846,0.08627920873318215,77.15495229892856,6.1518169268738205
Vesta,J,max,2458859.057176711,1.5357741936810454,20.70384193548748,2.5658318262063577,2.020946294414613,31,0.13409474981615155,0.03270881613238545,12.467502178657252,6.987884014193435,-0.12964850759549293,0.03270881613238545,82.60214733994671,6.987884014193435
Vesta,H,max,2458859.057176711,1.5357741936810454,20.70384193548748,2.5658318262063577,2.020946294414613,31,0.20235154066200362,0.03381239554834368,15.400840690738697,4.786984951557628,-0.19989931450094126,0.03381239554834368,85.53548585202816,4.786984951557628
Vesta,K,max,2458859.0574887665,1.5384333335884672,20.703890000005412,2.565831889776873,2.020950269271261,30,0.35330577917216227,0.0516873400794266,9.237552786875154,4.191081232449127,-0.3292712401560301,0.0516873400794266,79.37219794816461,4.191081232449127
Vesta,J,maxoe,2458859.057176711,1.5357741936810454,20.70384193548748,2.5658318262063577,2.020946294414613,31,0.13788527952109533,0.03416274655791828,11.370665286284604,7.097861356709707,-0.1318678192618748,0.03416274655791828,81.50531044757406,7.097861356709707
Vesta,H,maxoe,2458859.057176711,1.5357741936810454,20.70384193548748,2.5658318262063577,2.020946294414613,31,0.19958793423935908,0.03369217424071877,15.92639947735429,4.836012241845961,-0.19770429890118768,0.03369217424071877,86.06104463864375,4.836012241845961
Vesta,K,maxoe,2458859.0574887665,1.5384333335884672,20.703890000005412,2.565831889776873,2.020950269271261,30,0.3562935877243302,0.050755027168827654,8.74347487940901,4.080972751179084,-0.32977883785645323,0.050755027168827654,78.87812004069846,4.080972751179084
Vesta,J,min,2458859.057176711,1.5357741936810454,20.70384193548748,2.5658318262063577,2.020946294414613,31,0.12758011802759592,0.03306707937635662,11.059629199497982,7.425154163439137,-0.1216004654975748,0.03306707937635662,81.19427436078745,7.425154163439137
Vesta,H,min,2458859.057176711,1.5357741936810454,20.70384193548748,2.5658318262063577,2.020946294414613,31,0.19659971137950766,0.03275835786489462,15.942141198909466,4.773444569851201,-0.19475905517029984,0.03275835786489462,86.07678636019892,4.773444569851201
Vesta,K,min,2458859.057758811,1.5407931037122073,20.703931034488356,2.56583194478742,2.020953709510314,29,0.3658896535907021,0.04417995528418001,8.42798942527635,3.4591371360446415,-0.3371149684678325,0.04417995528418001,78.56263458656582,3.4591371360446415
Vesta,J,minoe,2458859.057176711,1.5357741936810454,20.70384193548748,2.5658318262063577,2.020946294414613,31,0.13399993584876407,0.03349378966407401,11.158206454535184,7.160648158131338,-0.1278581399697967,0.03349378966407401,81.29285161582465,7.160648158131338
Vesta,H,minoe,2458859.057176711,1.5357741936810454,20.70384193548748,2.5658318262063577,2.020946294414613,31,0.1938693991942793,0.03339204714303186,15.697161955074508,4.934309846084413,-0.19182095882355218,0.03339204714303186,85.83180711636398,4.934309846084413
Vesta,K,minoe,2458859.057758811,1.5407931037122073,20.703931034488356,2.56583194478742,2.020953709510314,29,0.36397018693441197,0.04377960614487769,7.750883978355649,3.445868303079603,-0.33190912181397625,0.04377960614487769,77.88552913964512,3.445868303079603
Vesta,J,25,2458892.888293082,1.1082333333215784,22.468589999999985,2.5704810077435334,2.4716255608480053,30,0.09075949065519363,0.04752823267842117,-44.43250241741366,15.002106779856982,0.04491088197592176,0.04752823267842117,30.17059758252162,15.002106779856982
Vesta,H,25,2458892.888293082,1.1082333333215784,22.468589999999985,2.5704810077435334,2.4716255608480053,30,0.07640134949735847,0.04098326527420078,5.082385747675544,15.367321037686366,-0.07150258340263013,0.04098326527420078,79.68548574761081,15.367321037686366
Vesta,K,25,2458892.888293082,1.1082333333215784,22.468589999999985,2.5704810077435334,2.4716255608480053,30,0.1544231507692781,0.06540304835114512,-13.377694643886752,12.133279949097464,-0.08285965558455419,0.06540304835114513,61.225405356048526,12.133279949097464
Vesta,J,30,2458892.888293082,1.1082333333215784,22.468589999999985,2.5704810077435334,2.4716255608480053,30,0.08810913539428282,0.05172071736583293,-47.060596840453286,16.81652421846088,0.05043018690855461,0.05172071736583293,27.542503159481992,16.81652421846088
Vesta,H,30,2458892.888293082,1.1082333333215784,22.468589999999985,2.5704810077435334,2.4716255608480053,30,0.07382069013689146,0.042890911280424195,12.108428680410874,16.644847069847795,-0.0733348716689945,0.042890911280424195,86.71152868034615,16.644847069847795
Vesta,K,30,2458892.888293082,1.1082333333215784,22.468589999999985,2.5704810077435334,2.4716255608480053,30,0.16780675084920033,0.08062193927860281,-15.356458352901365,13.763739639339876,-0.08005317277237314,0.08062193927860281,59.246641647033904,13.763739639339878
Vesta,J,35,2458892.8887629947,1.1088965517293894,22.46857931034481,2.570481041021898,2.4716319160711926,29,0.10296371046686174,0.05675143099638271,-48.146809208667754,15.790114122136085,0.062090497886848714,0.05675143099638272,26.456290791267524,15.790114122136085
Vesta,H,35,2458892.888293082,1.1082333333215784,22.468589999999985,2.5704810077435334,2.4716255608480053,30,0.06983002022561631,0.04568531086279367,16.788415728996906,18.742479879885703,-0.0697476599580224,0.04568531086279367,91.39151572893218,18.742479879885703
Vesta,K,35,2458892.8881484517,1.10803448274646,22.46859310344826,2.570480997500241,2.4716236050997833,29,0.23012049337542725,0.08848176593988248,-22.011416520555105,11.015167918897331,-0.06027063336692523,0.08848176593988248,52.59168347938017,11.015167918897331
Vesta,J,40,2458892.888293082,1.1082333333215784,22.468589999999985,2.5704810077435334,2.4716255608480053,30,0.07580089254810388,0.06744838454412891,-31.049383856202024,25.49117589150781,0.003825169842794456,0.06744838454412891,43.553716143733254,25.49117589150781
Vesta,H,40,2458892.888293082,1.1082333333215784,22.468589999999985,2.5704810077435334,2.4716255608480053,30,0.06071582491696194,0.04971441454119917,22.17359764248308,23.457032314640983,-0.05902500728288098,0.049714414541199174,96.77669764241836,23.457032314640983
Vesta,K,40,2458892.8881484517,1.10803448274646,22.46859310344826,2.570480997500241,2.4716236050997833,29,0.21283056647046156,0.10783809656394228,-17.283382632941795,14.515461538969415,-0.08873044440320152,0.10783809656394226,57.31971736699349,14.515461538969415
Vesta,J,max,2458892.888293082,1.1082333333215784,22.468589999999985,2.5704810077435334,2.4716255608480053,30,0.07692488005761454,0.0465150411580294,-37.210077731522695,17.322844964050034,0.02018695155174923,0.0465150411580294,37.39302226841258,17.322844964050034
Vesta,H,max,2458892.888293082,1.1082333333215784,22.468589999999985,2.5704810077435334,2.4716255608480053,30,0.07334574030561215,0.041630147416099196,7.765259302597349,16.26019273587879,-0.0707585665876404,0.041630147416099196,82.36835930253262,16.260192735878793
Vesta,K,max,2458892.888293082,1.1082333333215784,22.468589999999985,2.5704810077435334,2.4716255608480053,30,0.15515974655176215,0.05698138691970662,-9.301531557498464,10.520747338975546,-0.10098041234744308,0.056981386919706625,65.3015684424368,10.520747338975546
Vesta,J,maxoe,2458892.888293082,1.1082333333215784,22.468589999999985,2.5704810077435334,2.4716255608480053,30,0.06930854261396663,0.04511335778702804,-37.05092798175698,18.647088103245444,0.017816420971266175,0.04511335778702804,37.552172018178304,18.647088103245444
Vesta,H,maxoe,2458892.888293082,1.1082333333215784,22.468589999999985,2.5704810077435334,2.4716255608480053,30,0.07540911259757363,0.04190110181718733,7.239154467639347,15.91821073326107,-0.0723723403527306,0.04190110181718733,81.84225446757462,15.91821073326107
Vesta,K,maxoe,2458892.8880468626,1.1078620689182066,22.468596551724122,2.57048099030993,2.4716222298794945,29,0.16503946757557048,0.055987316789767025,-15.599588487477753,9.718393440789356,-0.0774991979447379,0.055987316789767025,59.00351151245752,9.718393440789356
Vesta,J,min,2458892.888293082,1.1082333333215784,22.468589999999985,2.5704810077435334,2.4716255608480053,30,0.06865234249963491,0.047397005308373846,-28.91071744376242,19.778264417877818,-0.001659077066811716,0.04739700530837385,45.69238255617286,19.778264417877818
Vesta,H,min,2458892.888293082,1.1082333333215784,22.468589999999985,2.5704810077435334,2.4716255608480053,30,0.07690143464307489,0.04106269227263105,4.717755451377836,15.296977056318704,-0.07161993614089854,0.041062692272631054,79.32085545131311,15.296977056318704
Vesta,K,min,2458892.8880468626,1.1078620689182066,22.468596551724122,2.57048099030993,2.4716222298794945,29,0.16030831839042886,0.05487018399445368,-15.274343250911336,9.805573396171866,-0.0768795308919664,0.05487018399445368,59.32875674902394,9.805573396171866
Vesta,J,minoe,2458892.888293082,1.1082333333215784,22.468589999999985,2.5704810077435334,2.4716255608480053,30,0.05799188229912944,0.04604084667373761,-35.095539780359445,22.744098786164937,0.011050349454850951,0.04604084667373761,39.50756021957583,22.744098786164937
Vesta,H,minoe,2458892.888293082,1.1082333333215784,22.468589999999985,2.5704810077435334,2.4716255608480053,30,0.06901160135808818,0.04100671456474111,5.6415131837683505,17.022584826470954,-0.06504886597159232,0.04100671456474111,80.24461318370362,17.022584826470954
Vesta,K,minoe,2458892.8880468626,1.1078620689182066,22.468596551724122,2.57048099030993,2.4716222298794945,29,0.16473549495222006,0.05396968165159705,-15.497020136742876,9.385454486290348,-0.07787669395729585,0.05396968165159706,59.106079863192406,9.385454486290348
